999
DXF file: alpha_arm_footprint.dxf
999
Pro/ENGINEER 2023154 by Parametric Technology Corporation
  0
SECTION
  2
HEADER
  9
$EXTMAX
 10
210.0
 20
297.0
 30
0.0
  9
$EXTMIN
 10
0.0
 20
0.0
 30
0.0
  9
$LIMMIN
 10
0.0
 20
0.0
  9
$LIMMAX
 10
210.0
 20
297.0
  9
$VIEWCTR
 10
105.0
 20
148.5
  9
$VIEWSIZE
 40
297.0
  9
$CLAYER
  8
0
  9
$LTSCALE
 40
19.36
  9
$CELTYPE
  6
BYLAYER
  9
$DIMSCALE
 40
1.0
  9
$DIMASZ
 40
2.0
  9
$DIMEXO
 40
0.5
  9
$DIMDLI
 40
13.376
  9
$DIMEXE
 40
2.0
  9
$DIMCEN
 40
3.168
  9
$DIMLFAC
 40
1.0
  9
$DIMBLK
  1
_FILLED
  9
$DIMALT
 70
0
  9
$DIMALTF
 40
0.0393700787
  9
$DIMTXT
 40
2.5
  9
$AUNITS
 70
0
  9
$PDMODE
 70
3
  9
$PDSIZE
 40
0.3125
  9
$TILEMODE
 70
1
  0
ENDSEC
  0
SECTION
  2
TABLES
  0
TABLE
  2
LTYPE
 70
6
  0
LTYPE
  2
BYBLOCK
 70
0
  3

 72
65
 73
0
 40
0.0
  0
LTYPE
  2
BYLAYER
 70
0
  3

 72
65
 73
0
 40
0.0
  0
LTYPE
  2
CONTINUOUS
 70
64
  3
Solid line
 72
65
 73
0
 40
0.0
  0
LTYPE
  2
CENTER
 70
64
  3
____ _ ____ _ ____ _ ____ _ ____ _ ____ _ ____
 72
65
 73
4
 40
0.6
 49
0.375
 49
-0.075
 49
0.075
 49
-0.075
  0
LTYPE
  2
HIDDEN
 70
64
  3
- - - - - - - - - - - - - - - - - - - -
 72
65
 73
2
 40
0.2
 49
0.1
 49
-0.1
  0
LTYPE
  2
PHANTOM
 70
64
  3
_____ _ _ _____ _ _ _____ _ _ _____
 72
65
 73
6
 40
0.8
 49
0.45
 49
-0.05
 49
0.1
 49
-0.05
 49
0.1
 49
-0.05
  0
LTYPE
  2
DOT
 70
64
  3
. . . . . . . . . . . . . . . . . . . .
 72
65
 73
2
 40
0.2
 49
0.1
 49
-0.1
  0
LTYPE
  2
DASHED
 70
64
  3
- - - - - - - - - - - - - - - - - - - -
 72
65
 73
2
 40
0.2
 49
0.1
 49
-0.1
  0
ENDTAB
  0
TABLE
  2
LAYER
 70
36
  0
LAYER
  2
0
 70
0
 62
7
  6
CONTINUOUS
  0
LAYER
  2
DEFAULT_1
 70
0
 62
7
  6
CENTER
  0
LAYER
  2
DEFAULT_2
 70
0
 62
8
  6
HIDDEN
  0
LAYER
  2
DEFAULT_3
 70
0
 62
7
  6
PHANTOM
  0
LAYER
  2
AXES
 70
0
 62
7
  6
CONTINUOUS
  0
LAYER
  2
COSMETIC
 70
0
 62
7
  6
CONTINUOUS
  0
LAYER
  2
COURBES
 70
0
 62
7
  6
CONTINUOUS
  0
LAYER
  2
FILETAGES
 70
0
 62
7
  6
CONTINUOUS
  0
LAYER
  2
PLANS
 70
0
 62
7
  6
CONTINUOUS
  0
LAYER
  2
PLANS_BASE_PRT
 70
0
 62
7
  6
CONTINUOUS
  0
LAYER
  2
PLANS_COUPES
 70
0
 62
7
  6
CONTINUOUS
  0
LAYER
  2
POINTS
 70
0
 62
7
  6
CONTINUOUS
  0
LAYER
  2
REPERES
 70
0
 62
7
  6
CONTINUOUS
  0
LAYER
  2
SOLIDE
 70
0
 62
7
  6
CONTINUOUS
  0
LAYER
  2
SURFACES
 70
0
 62
7
  6
CONTINUOUS
  0
ENDTAB
  0
TABLE
  2
STYLE
 70
1
  0
STYLE
  2
STANDARD
 70
0
 40
0.0
 41
0.8
 50
0.0
 71
0
 42
0.2
  3
txt
  4

  0
STYLE
  2
TEXTSTYLE_1
 70
0
 40
0.0
 41
0.8
 50
0.0
 71
0
 42
0.2
  3
gdt
  4

  0
ENDTAB
  0
ENDSEC
  0
SECTION
  2
BLOCKS
  0
BLOCK
  8
0
  2
_FILLED
 70
64
 10
0.0
 20
0.0
  0
SOLID
  8
0
  6
BYBLOCK
 62
0
 10
0.0
 20
0.0
 11
-1.0
 21
0.2
 12
-1.0
 22
-0.2
 13
-1.0
 23
-0.2
  0
ENDBLK
  8
0
  6
BYBLOCK
 62
0
  0
ENDSEC
  0
SECTION
  2
ENTITIES
  0
LINE
  8
0
 62
7
  6
CONTINUOUS
 10
0.0
 20
0.0
 11
210.0
 21
0.0
  0
LINE
  8
0
 62
7
  6
CONTINUOUS
 10
0.0
 20
0.0
 11
0.0
 21
297.0
  0
LINE
  8
0
 62
7
  6
CONTINUOUS
 10
210.0
 20
0.0
 11
210.0
 21
297.0
  0
LINE
  8
0
 62
7
  6
CONTINUOUS
 10
0.0
 20
297.0
 11
210.0
 21
297.0
  0
POLYLINE
  8
FILETAGES
 62
7
  6
CONTINUOUS
 66
1
 70
0
  0
VERTEX
  8
FILETAGES
 62
7
  6
CONTINUOUS
 10
110.785653995
 20
134.0303357312
  0
VERTEX
  8
FILETAGES
 62
7
  6
CONTINUOUS
 10
110.8664635941
 20
134.0524298091
  0
VERTEX
  8
FILETAGES
 62
7
  6
CONTINUOUS
 10
110.9873838582
 20
134.0866273402
  0
VERTEX
  8
FILETAGES
 62
7
  6
CONTINUOUS
 10
111.1079393765
 20
134.1220892248
  0
VERTEX
  8
FILETAGES
 62
7
  6
CONTINUOUS
 10
111.1881005555
 20
134.1464309851
  0
VERTEX
  8
FILETAGES
 62
7
  6
CONTINUOUS
 10
111.3080188065
 20
134.1839914153
  0
VERTEX
  8
FILETAGES
 62
7
  6
CONTINUOUS
 10
111.4341443378
 20
134.2249916691
  0
SEQEND
  0
POLYLINE
  8
FILETAGES
 62
7
  6
CONTINUOUS
 66
1
 70
0
  0
VERTEX
  8
FILETAGES
 62
7
  6
CONTINUOUS
 10
110.785653995
 20
134.06006532
  0
VERTEX
  8
FILETAGES
 62
7
  6
CONTINUOUS
 10
110.8664635941
 20
134.0821593979
  0
VERTEX
  8
FILETAGES
 62
7
  6
CONTINUOUS
 10
110.9471169768
 20
134.1048170802
  0
VERTEX
  8
FILETAGES
 62
7
  6
CONTINUOUS
 10
111.0276102119
 20
134.1280372627
  0
VERTEX
  8
FILETAGES
 62
7
  6
CONTINUOUS
 10
111.1079393765
 20
134.1518188136
  0
VERTEX
  8
FILETAGES
 62
7
  6
CONTINUOUS
 10
111.1881005555
 20
134.1761605738
  0
VERTEX
  8
FILETAGES
 62
7
  6
CONTINUOUS
 10
111.3046885732
 20
134.2126592738
  0
SEQEND
  0
POLYLINE
  8
FILETAGES
 62
7
  6
CONTINUOUS
 66
1
 70
0
  0
VERTEX
  8
FILETAGES
 62
7
  6
CONTINUOUS
 10
110.1423575336
 20
133.905483089
  0
VERTEX
  8
FILETAGES
 62
7
  6
CONTINUOUS
 10
110.2242620073
 20
133.9230899933
  0
VERTEX
  8
FILETAGES
 62
7
  6
CONTINUOUS
 10
110.3468832535
 20
133.9505713688
  0
VERTEX
  8
FILETAGES
 62
7
  6
CONTINUOUS
 10
110.4284679644
 20
133.9696049964
  0
VERTEX
  8
FILETAGES
 62
7
  6
CONTINUOUS
 10
110.5505909103
 20
133.9992221843
  0
VERTEX
  8
FILETAGES
 62
7
  6
CONTINUOUS
 10
110.6723970097
 20
134.0301165709
  0
VERTEX
  8
FILETAGES
 62
7
  6
CONTINUOUS
 10
110.7856539789
 20
134.0600653156
  0
SEQEND
  0
POLYLINE
  8
FILETAGES
 62
7
  6
CONTINUOUS
 66
1
 70
0
  0
VERTEX
  8
FILETAGES
 62
7
  6
CONTINUOUS
 10
109.8780192352
 20
133.8527174951
  0
VERTEX
  8
FILETAGES
 62
7
  6
CONTINUOUS
 10
109.9602985275
 20
133.8684803034
  0
VERTEX
  8
FILETAGES
 62
7
  6
CONTINUOUS
 10
110.0013964048
 20
133.8765770137
  0
VERTEX
  8
FILETAGES
 62
7
  6
CONTINUOUS
 10
110.083506118
 20
133.8932005535
  0
VERTEX
  8
FILETAGES
 62
7
  6
CONTINUOUS
 10
110.1423575308
 20
133.9054830884
  0
SEQEND
  0
POLYLINE
  8
FILETAGES
 62
7
  6
CONTINUOUS
 66
1
 70
0
  0
VERTEX
  8
FILETAGES
 62
7
  6
CONTINUOUS
 10
109.7956319018
 20
133.8077998852
  0
VERTEX
  8
FILETAGES
 62
7
  6
CONTINUOUS
 10
109.9602985275
 20
133.8387507146
  0
VERTEX
  8
FILETAGES
 62
7
  6
CONTINUOUS
 10
110.1245169534
 20
133.8719975916
  0
VERTEX
  8
FILETAGES
 62
7
  6
CONTINUOUS
 10
110.2882551649
 20
133.9075340345
  0
VERTEX
  8
FILETAGES
 62
7
  6
CONTINUOUS
 10
110.4514812408
 20
133.9453531155
  0
VERTEX
  8
FILETAGES
 62
7
  6
CONTINUOUS
 10
110.61416336
 20
133.9854474617
  0
VERTEX
  8
FILETAGES
 62
7
  6
CONTINUOUS
 10
110.7856539977
 20
134.0303357319
  0
SEQEND
  0
LINE
  8
FILETAGES
 62
7
  6
CONTINUOUS
 10
109.7956319018
 20
133.837529474
 11
109.8780192352
 21
133.8527174951
  0
POLYLINE
  8
FILETAGES
 62
7
  6
CONTINUOUS
 66
1
 70
0
  0
VERTEX
  8
FILETAGES
 62
7
  6
CONTINUOUS
 10
109.2838465099
 20
133.7266676047
  0
VERTEX
  8
FILETAGES
 62
7
  6
CONTINUOUS
 10
109.3668127307
 20
133.7382847591
  0
VERTEX
  8
FILETAGES
 62
7
  6
CONTINUOUS
 10
109.4496958259
 20
133.750480829
  0
VERTEX
  8
FILETAGES
 62
7
  6
CONTINUOUS
 10
109.5324917558
 20
133.7632552199
  0
VERTEX
  8
FILETAGES
 62
7
  6
CONTINUOUS
 10
109.6151964852
 20
133.7766073092
  0
VERTEX
  8
FILETAGES
 62
7
  6
CONTINUOUS
 10
109.697805983
 20
133.7905364461
  0
VERTEX
  8
FILETAGES
 62
7
  6
CONTINUOUS
 10
109.7956319187
 20
133.8077998882
  0
SEQEND
  0
POLYLINE
  8
FILETAGES
 62
7
  6
CONTINUOUS
 66
1
 70
0
  0
VERTEX
  8
FILETAGES
 62
7
  6
CONTINUOUS
 10
109.2838465099
 20
133.7563971935
  0
VERTEX
  8
FILETAGES
 62
7
  6
CONTINUOUS
 10
109.3668127307
 20
133.7680143479
  0
VERTEX
  8
FILETAGES
 62
7
  6
CONTINUOUS
 10
109.4496958259
 20
133.7802104177
  0
VERTEX
  8
FILETAGES
 62
7
  6
CONTINUOUS
 10
109.5324917558
 20
133.7929848086
  0
VERTEX
  8
FILETAGES
 62
7
  6
CONTINUOUS
 10
109.6151964852
 20
133.8063368979
  0
VERTEX
  8
FILETAGES
 62
7
  6
CONTINUOUS
 10
109.697805983
 20
133.8202660349
  0
VERTEX
  8
FILETAGES
 62
7
  6
CONTINUOUS
 10
109.7956319187
 20
133.837529477
  0
SEQEND
  0
POLYLINE
  8
AXES
 62
7
  6
CONTINUOUS
 66
1
 70
0
  0
VERTEX
  8
AXES
 62
7
  6
CONTINUOUS
 10
107.6612721692
 20
133.241338815
  0
VERTEX
  8
AXES
 62
7
  6
CONTINUOUS
 10
108.892301075
 20
133.302537499
  0
VERTEX
  8
AXES
 62
7
  6
CONTINUOUS
 10
110.0999011944
 20
133.4815185642
  0
VERTEX
  8
AXES
 62
7
  6
CONTINUOUS
 10
111.2897046351
 20
133.7799904619
  0
VERTEX
  8
AXES
 62
7
  6
CONTINUOUS
 10
112.4448150737
 20
134.1928278388
  0
VERTEX
  8
AXES
 62
7
  6
CONTINUOUS
 10
113.553526767
 20
134.7176797158
  0
VERTEX
  8
AXES
 62
7
  6
CONTINUOUS
 10
114.6059000819
 20
135.3479314221
  0
VERTEX
  8
AXES
 62
7
  6
CONTINUOUS
 10
115.5909128592
 20
136.0789935152
  0
VERTEX
  8
AXES
 62
7
  6
CONTINUOUS
 10
116.500106934
 20
136.9024393313
  0
VERTEX
  8
AXES
 62
7
  6
CONTINUOUS
 10
117.3235673066
 20
137.8116173342
  0
VERTEX
  8
AXES
 62
7
  6
CONTINUOUS
 10
118.0546423229
 20
138.7966126993
  0
VERTEX
  8
AXES
 62
7
  6
CONTINUOUS
 10
118.6849051705
 20
139.8489674112
  0
VERTEX
  8
AXES
 62
7
  6
CONTINUOUS
 10
119.2097663256
 20
140.9576595057
  0
VERTEX
  8
AXES
 62
7
  6
CONTINUOUS
 10
119.6226110004
 20
142.1127495253
  0
VERTEX
  8
AXES
 62
7
  6
CONTINUOUS
 10
119.9210881742
 20
143.3025319337
  0
VERTEX
  8
AXES
 62
7
  6
CONTINUOUS
 10
120.1006492869
 20
144.5159677993
  0
VERTEX
  8
AXES
 62
7
  6
CONTINUOUS
 10
120.1551087255
 20
145.6165585577
  0
SEQEND
  0
POLYLINE
  8
AXES
 62
7
  6
CONTINUOUS
 66
1
 70
0
  0
VERTEX
  8
AXES
 62
7
  6
CONTINUOUS
 10
107.6612721692
 20
134.9913078801
  0
VERTEX
  8
AXES
 62
7
  6
CONTINUOUS
 10
108.7199570282
 20
135.0439387483
  0
VERTEX
  8
AXES
 62
7
  6
CONTINUOUS
 10
109.7584931308
 20
135.1978624644
  0
VERTEX
  8
AXES
 62
7
  6
CONTINUOUS
 10
110.7817240899
 20
135.4545482963
  0
VERTEX
  8
AXES
 62
7
  6
CONTINUOUS
 10
111.7751190671
 20
135.8095884405
  0
VERTEX
  8
AXES
 62
7
  6
CONTINUOUS
 10
112.7286111233
 20
136.2609610547
  0
VERTEX
  8
AXES
 62
7
  6
CONTINUOUS
 10
113.6336521741
 20
136.8029775221
  0
VERTEX
  8
AXES
 62
7
  6
CONTINUOUS
 10
114.4807631626
 20
137.4316909222
  0
VERTEX
  8
AXES
 62
7
  6
CONTINUOUS
 10
115.2626700669
 20
138.1398543241
  0
VERTEX
  8
AXES
 62
7
  6
CONTINUOUS
 10
115.9708459873
 20
138.9217474066
  0
VERTEX
  8
AXES
 62
7
  6
CONTINUOUS
 10
116.5995705014
 20
139.7688434205
  0
VERTEX
  8
AXES
 62
7
  6
CONTINUOUS
 10
117.1415965503
 20
140.6738684728
  0
VERTEX
  8
AXES
 62
7
  6
CONTINUOUS
 10
117.5929771437
 20
141.627343674
  0
VERTEX
  8
AXES
 62
7
  6
CONTINUOUS
 10
117.948023564
 20
142.6207210909
  0
VERTEX
  8
AXES
 62
7
  6
CONTINUOUS
 10
118.2047139335
 20
143.6439339621
  0
VERTEX
  8
AXES
 62
7
  6
CONTINUOUS
 10
118.3591364904
 20
144.6874888065
  0
VERTEX
  8
AXES
 62
7
  6
CONTINUOUS
 10
118.4112721692
 20
145.741117851
  0
SEQEND
  0
POLYLINE
  8
AXES
 62
7
  6
CONTINUOUS
 66
1
 70
0
  0
VERTEX
  8
AXES
 62
7
  6
CONTINUOUS
 10
107.6612721692
 20
133.1164745422
  0
VERTEX
  8
AXES
 62
7
  6
CONTINUOUS
 10
108.8194837953
 20
133.1705886345
  0
VERTEX
  8
AXES
 62
7
  6
CONTINUOUS
 10
109.9581411419
 20
133.3293070338
  0
VERTEX
  8
AXES
 62
7
  6
CONTINUOUS
 10
111.0819663044
 20
133.5939732684
  0
VERTEX
  8
AXES
 62
7
  6
CONTINUOUS
 10
112.1767929965
 20
133.9605567535
  0
VERTEX
  8
AXES
 62
7
  6
CONTINUOUS
 10
113.2328497474
 20
134.4272152238
  0
VERTEX
  8
AXES
 62
7
  6
CONTINUOUS
 10
114.2416742051
 20
134.988727249
  0
VERTEX
  8
AXES
 62
7
  6
CONTINUOUS
 10
115.1939997983
 20
135.6414864606
  0
VERTEX
  8
AXES
 62
7
  6
CONTINUOUS
 10
116.0824677147
 20
136.3788054073
  0
VERTEX
  8
AXES
 62
7
  6
CONTINUOUS
 10
116.8986318443
 20
137.1954364281
  0
VERTEX
  8
AXES
 62
7
  6
CONTINUOUS
 10
117.6364875102
 20
138.083453784
  0
VERTEX
  8
AXES
 62
7
  6
CONTINUOUS
 10
118.2886966855
 20
139.0361472241
  0
VERTEX
  8
AXES
 62
7
  6
CONTINUOUS
 10
118.8508133111
 20
140.0446226231
  0
VERTEX
  8
AXES
 62
7
  6
CONTINUOUS
 10
119.316857331
 20
141.1009356499
  0
VERTEX
  8
AXES
 62
7
  6
CONTINUOUS
 10
119.6840927088
 20
142.1955266719
  0
VERTEX
  8
AXES
 62
7
  6
CONTINUOUS
 10
119.9481010032
 20
143.3194878123
  0
VERTEX
  8
AXES
 62
7
  6
CONTINUOUS
 10
120.1079493729
 20
144.4629194729
  0
VERTEX
  8
AXES
 62
7
  6
CONTINUOUS
 10
120.1612721692
 20
145.6162535782
  0
SEQEND
  0
POLYLINE
  8
FILETAGES
 62
7
  6
CONTINUOUS
 66
1
 70
0
  0
VERTEX
  8
FILETAGES
 62
7
  6
CONTINUOUS
 10
107.6612721692
 20
133.146204131
  0
VERTEX
  8
FILETAGES
 62
7
  6
CONTINUOUS
 10
108.533228091
 20
133.1766529645
  0
VERTEX
  8
FILETAGES
 62
7
  6
CONTINUOUS
 10
109.4441338405
 20
133.2739989856
  0
VERTEX
  8
FILETAGES
 62
7
  6
CONTINUOUS
 10
110.3454637588
 20
133.4377954972
  0
VERTEX
  8
FILETAGES
 62
7
  6
CONTINUOUS
 10
111.2323767617
 20
133.667162741
  0
VERTEX
  8
FILETAGES
 62
7
  6
CONTINUOUS
 10
112.1001091993
 20
133.9608687749
  0
VERTEX
  8
FILETAGES
 62
7
  6
CONTINUOUS
 10
112.9619909442
 20
134.325742455
  0
SEQEND
  0
POLYLINE
  8
FILETAGES
 62
7
  6
CONTINUOUS
 66
1
 70
0
  0
VERTEX
  8
FILETAGES
 62
7
  6
CONTINUOUS
 10
107.6612721692
 20
133.6164657037
  0
VERTEX
  8
FILETAGES
 62
7
  6
CONTINUOUS
 10
107.9125812078
 20
133.6190974554
  0
VERTEX
  8
FILETAGES
 62
7
  6
CONTINUOUS
 10
108.1637800139
 20
133.6269915564
  0
VERTEX
  8
FILETAGES
 62
7
  6
CONTINUOUS
 10
108.456558974
 20
133.6428476178
  0
VERTEX
  8
FILETAGES
 62
7
  6
CONTINUOUS
 10
108.7071410821
 20
133.6621285194
  0
VERTEX
  8
FILETAGES
 62
7
  6
CONTINUOUS
 10
108.9988993556
 20
133.6912493518
  0
VERTEX
  8
FILETAGES
 62
7
  6
CONTINUOUS
 10
109.2838465774
 20
133.7266676139
  0
SEQEND
  0
POLYLINE
  8
FILETAGES
 62
7
  6
CONTINUOUS
 66
1
 70
0
  0
VERTEX
  8
FILETAGES
 62
7
  6
CONTINUOUS
 10
107.6612721692
 20
133.6461952924
  0
VERTEX
  8
FILETAGES
 62
7
  6
CONTINUOUS
 10
107.9125812078
 20
133.6488270442
  0
VERTEX
  8
FILETAGES
 62
7
  6
CONTINUOUS
 10
108.1637800139
 20
133.6567211452
  0
VERTEX
  8
FILETAGES
 62
7
  6
CONTINUOUS
 10
108.456558974
 20
133.6725772066
  0
VERTEX
  8
FILETAGES
 62
7
  6
CONTINUOUS
 10
108.7071410821
 20
133.6918581081
  0
VERTEX
  8
FILETAGES
 62
7
  6
CONTINUOUS
 10
108.9988993556
 20
133.7209789405
  0
VERTEX
  8
FILETAGES
 62
7
  6
CONTINUOUS
 10
109.2838465774
 20
133.7563972027
  0
SEQEND
  0
LINE
  8
0
 62
7
  6
CONTINUOUS
 10
119.1612721692
 20
132.116488763
 11
96.1612721692
 21
132.116488763
  0
POLYLINE
  8
FILETAGES
 62
7
  6
CONTINUOUS
 66
1
 70
0
  0
VERTEX
  8
FILETAGES
 62
7
  6
CONTINUOUS
 10
107.5422286477
 20
133.6170561811
  0
VERTEX
  8
FILETAGES
 62
7
  6
CONTINUOUS
 10
107.5841151287
 20
133.6167137522
  0
VERTEX
  8
FILETAGES
 62
7
  6
CONTINUOUS
 10
107.6612721724
 20
133.6164657037
  0
SEQEND
  0
POLYLINE
  8
FILETAGES
 62
7
  6
CONTINUOUS
 66
1
 70
0
  0
VERTEX
  8
FILETAGES
 62
7
  6
CONTINUOUS
 10
106.0049370322
 20
133.2564259976
  0
VERTEX
  8
FILETAGES
 62
7
  6
CONTINUOUS
 10
106.264772189
 20
133.2244561795
  0
VERTEX
  8
FILETAGES
 62
7
  6
CONTINUOUS
 10
106.5252198968
 20
133.1979348536
  0
VERTEX
  8
FILETAGES
 62
7
  6
CONTINUOUS
 10
106.8296973304
 20
133.1738949824
  0
VERTEX
  8
FILETAGES
 62
7
  6
CONTINUOUS
 10
107.0910800333
 20
133.1592154359
  0
VERTEX
  8
FILETAGES
 62
7
  6
CONTINUOUS
 10
107.3527128414
 20
133.1500129983
  0
VERTEX
  8
FILETAGES
 62
7
  6
CONTINUOUS
 10
107.6612720781
 20
133.146204131
  0
SEQEND
  0
POLYLINE
  8
FILETAGES
 62
7
  6
CONTINUOUS
 66
1
 70
0
  0
VERTEX
  8
FILETAGES
 62
7
  6
CONTINUOUS
 10
106.0386978285
 20
133.7266676047
  0
VERTEX
  8
FILETAGES
 62
7
  6
CONTINUOUS
 10
106.2880547891
 20
133.6952951549
  0
VERTEX
  8
FILETAGES
 62
7
  6
CONTINUOUS
 10
106.5380140883
 20
133.6691516315
  0
VERTEX
  8
FILETAGES
 62
7
  6
CONTINUOUS
 10
106.7884660857
 20
133.6482485019
  0
VERTEX
  8
FILETAGES
 62
7
  6
CONTINUOUS
 10
107.0393009246
 20
133.6325949348
  0
VERTEX
  8
FILETAGES
 62
7
  6
CONTINUOUS
 10
107.2904085807
 20
133.6221977965
  0
VERTEX
  8
FILETAGES
 62
7
  6
CONTINUOUS
 10
107.5422286344
 20
133.6170561812
  0
SEQEND
  0
POLYLINE
  8
FILETAGES
 62
7
  6
CONTINUOUS
 66
1
 70
0
  0
VERTEX
  8
FILETAGES
 62
7
  6
CONTINUOUS
 10
106.0386978284
 20
133.7563971935
  0
VERTEX
  8
FILETAGES
 62
7
  6
CONTINUOUS
 10
106.2880547891
 20
133.7250247437
  0
VERTEX
  8
FILETAGES
 62
7
  6
CONTINUOUS
 10
106.5380140883
 20
133.6988812203
  0
VERTEX
  8
FILETAGES
 62
7
  6
CONTINUOUS
 10
106.8302482755
 20
133.6750043959
  0
VERTEX
  8
FILETAGES
 62
7
  6
CONTINUOUS
 10
107.0811362283
 20
133.6602264857
  0
VERTEX
  8
FILETAGES
 62
7
  6
CONTINUOUS
 10
107.374152724
 20
133.6496306224
  0
VERTEX
  8
FILETAGES
 62
7
  6
CONTINUOUS
 10
107.6612722373
 20
133.6461952924
  0
SEQEND
  0
POLYLINE
  8
FILETAGES
 62
7
  6
CONTINUOUS
 66
1
 70
0
  0
VERTEX
  8
FILETAGES
 62
7
  6
CONTINUOUS
 10
105.6620514755
 20
133.8139010612
  0
VERTEX
  8
FILETAGES
 62
7
  6
CONTINUOUS
 10
105.7447045004
 20
133.8002325674
  0
VERTEX
  8
FILETAGES
 62
7
  6
CONTINUOUS
 10
105.827450936
 20
133.7871414187
  0
VERTEX
  8
FILETAGES
 62
7
  6
CONTINUOUS
 10
105.8688579228
 20
133.7808125493
  0
VERTEX
  8
FILETAGES
 62
7
  6
CONTINUOUS
 10
105.9517369115
 20
133.7685886059
  0
VERTEX
  8
FILETAGES
 62
7
  6
CONTINUOUS
 10
106.0386978481
 20
133.7563971908
  0
SEQEND
  0
LINE
  8
FILETAGES
 62
7
  6
CONTINUOUS
 10
105.568145364
 20
133.830151241
 11
105.6620514755
 21
133.8139010612
  0
POLYLINE
  8
FILETAGES
 62
7
  6
CONTINUOUS
 66
1
 70
0
  0
VERTEX
  8
FILETAGES
 62
7
  6
CONTINUOUS
 10
105.5269124365
 20
133.8077998852
  0
VERTEX
  8
FILETAGES
 62
7
  6
CONTINUOUS
 10
105.6094037956
 20
133.7931873914
  0
VERTEX
  8
FILETAGES
 62
7
  6
CONTINUOUS
 10
105.6919951598
 20
133.7791511372
  0
VERTEX
  8
FILETAGES
 62
7
  6
CONTINUOUS
 10
105.7746825039
 20
133.7656918067
  0
VERTEX
  8
FILETAGES
 62
7
  6
CONTINUOUS
 10
105.8574617976
 20
133.7528100558
  0
VERTEX
  8
FILETAGES
 62
7
  6
CONTINUOUS
 10
105.9403290065
 20
133.7405065124
  0
VERTEX
  8
FILETAGES
 62
7
  6
CONTINUOUS
 10
106.0386978454
 20
133.7266676024
  0
SEQEND
  0
POLYLINE
  8
FILETAGES
 62
7
  6
CONTINUOUS
 66
1
 70
0
  0
VERTEX
  8
FILETAGES
 62
7
  6
CONTINUOUS
 10
105.2956555946
 20
133.3720868005
  0
VERTEX
  8
FILETAGES
 62
7
  6
CONTINUOUS
 10
105.3814020231
 20
133.3558712135
  0
VERTEX
  8
FILETAGES
 62
7
  6
CONTINUOUS
 10
105.5102287041
 20
133.3326712022
  0
VERTEX
  8
FILETAGES
 62
7
  6
CONTINUOUS
 10
105.6392912712
 20
133.3108214843
  0
VERTEX
  8
FILETAGES
 62
7
  6
CONTINUOUS
 10
105.7254570422
 20
133.297006358
  0
VERTEX
  8
FILETAGES
 62
7
  6
CONTINUOUS
 10
105.8548812894
 20
133.2774123805
  0
VERTEX
  8
FILETAGES
 62
7
  6
CONTINUOUS
 10
106.0049370365
 20
133.256425997
  0
SEQEND
  0
POLYLINE
  8
FILETAGES
 62
7
  6
CONTINUOUS
 66
1
 70
0
  0
VERTEX
  8
FILETAGES
 62
7
  6
CONTINUOUS
 10
105.262212203
 20
133.8884484002
  0
VERTEX
  8
FILETAGES
 62
7
  6
CONTINUOUS
 10
105.3443545281
 20
133.871986757
  0
VERTEX
  8
FILETAGES
 62
7
  6
CONTINUOUS
 10
105.3854682873
 20
133.8639710793
  0
VERTEX
  8
FILETAGES
 62
7
  6
CONTINUOUS
 10
105.4677784943
 20
133.8483705002
  0
VERTEX
  8
FILETAGES
 62
7
  6
CONTINUOUS
 10
105.568145364
 20
133.830151241
  0
SEQEND
  0
LINE
  8
FILETAGES
 62
7
  6
CONTINUOUS
 10
105.1801868048
 20
133.905483089
 11
105.262212203
 21
133.8884484002
  0
POLYLINE
  8
FILETAGES
 62
7
  6
CONTINUOUS
 66
1
 70
0
  0
VERTEX
  8
FILETAGES
 62
7
  6
CONTINUOUS
 10
104.5368903433
 20
134.0303357312
  0
VERTEX
  8
FILETAGES
 62
7
  6
CONTINUOUS
 10
104.6989624295
 20
133.9878426687
  0
VERTEX
  8
FILETAGES
 62
7
  6
CONTINUOUS
 10
104.8616120238
 20
133.9476165879
  0
VERTEX
  8
FILETAGES
 62
7
  6
CONTINUOUS
 10
105.0248074174
 20
133.909665331
  0
VERTEX
  8
FILETAGES
 62
7
  6
CONTINUOUS
 10
105.1885167951
 20
133.8739962966
  0
VERTEX
  8
FILETAGES
 62
7
  6
CONTINUOUS
 10
105.3527082413
 20
133.8406164386
  0
VERTEX
  8
FILETAGES
 62
7
  6
CONTINUOUS
 10
105.5269124392
 20
133.8077998847
  0
SEQEND
  0
POLYLINE
  8
FILETAGES
 62
7
  6
CONTINUOUS
 66
1
 70
0
  0
VERTEX
  8
FILETAGES
 62
7
  6
CONTINUOUS
 10
104.5368903433
 20
134.06006532
  0
VERTEX
  8
FILETAGES
 62
7
  6
CONTINUOUS
 10
104.6178522204
 20
134.0385359234
  0
VERTEX
  8
FILETAGES
 62
7
  6
CONTINUOUS
 10
104.7395719234
 20
134.0073028938
  0
VERTEX
  8
FILETAGES
 62
7
  6
CONTINUOUS
 10
104.8208972161
 20
133.9871897309
  0
VERTEX
  8
FILETAGES
 62
7
  6
CONTINUOUS
 10
104.9431434818
 20
133.9580857224
  0
VERTEX
  8
FILETAGES
 62
7
  6
CONTINUOUS
 10
105.0656878209
 20
133.9302634235
  0
VERTEX
  8
FILETAGES
 62
7
  6
CONTINUOUS
 10
105.1801867884
 20
133.9054830925
  0
SEQEND
  0
POLYLINE
  8
FILETAGES
 62
7
  6
CONTINUOUS
 66
1
 70
0
  0
VERTEX
  8
FILETAGES
 62
7
  6
CONTINUOUS
 10
104.0178557567
 20
134.2126592765
  0
VERTEX
  8
FILETAGES
 62
7
  6
CONTINUOUS
 10
104.0977649653
 20
134.1875027098
  0
VERTEX
  8
FILETAGES
 62
7
  6
CONTINUOUS
 10
104.1778478543
 20
134.1629046133
  0
VERTEX
  8
FILETAGES
 62
7
  6
CONTINUOUS
 10
104.2581005204
 20
134.1388661858
  0
VERTEX
  8
FILETAGES
 62
7
  6
CONTINUOUS
 10
104.3385190523
 20
134.115388599
  0
VERTEX
  8
FILETAGES
 62
7
  6
CONTINUOUS
 10
104.4190995306
 20
134.0924729971
  0
VERTEX
  8
FILETAGES
 62
7
  6
CONTINUOUS
 10
104.5368903348
 20
134.0600653223
  0
SEQEND
  0
POLYLINE
  8
FILETAGES
 62
7
  6
CONTINUOUS
 66
1
 70
0
  0
VERTEX
  8
FILETAGES
 62
7
  6
CONTINUOUS
 10
103.8883999986
 20
134.2249916698
  0
VERTEX
  8
FILETAGES
 62
7
  6
CONTINUOUS
 10
103.9680187111
 20
134.1989303297
  0
VERTEX
  8
FILETAGES
 62
7
  6
CONTINUOUS
 10
104.0877830723
 20
134.1608820796
  0
VERTEX
  8
FILETAGES
 62
7
  6
CONTINUOUS
 10
104.2079393068
 20
134.12409004
  0
VERTEX
  8
FILETAGES
 62
7
  6
CONTINUOUS
 10
104.2882546654
 20
134.1002619065
  0
VERTEX
  8
FILETAGES
 62
7
  6
CONTINUOUS
 10
104.4090347206
 20
134.0655724488
  0
VERTEX
  8
FILETAGES
 62
7
  6
CONTINUOUS
 10
104.5368903413
 20
134.0303357318
  0
SEQEND
  0
POLYLINE
  8
FILETAGES
 62
7
  6
CONTINUOUS
 66
1
 70
0
  0
VERTEX
  8
FILETAGES
 62
7
  6
CONTINUOUS
 10
103.8883999986
 20
134.2547212585
  0
VERTEX
  8
FILETAGES
 62
7
  6
CONTINUOUS
 10
103.9281866116
 20
134.2416211092
  0
VERTEX
  8
FILETAGES
 62
7
  6
CONTINUOUS
 10
104.0178557525
 20
134.2126592778
  0
SEQEND
  0
POLYLINE
  8
FILETAGES
 62
7
  6
CONTINUOUS
 66
1
 70
0
  0
VERTEX
  8
FILETAGES
 62
7
  6
CONTINUOUS
 10
103.6961470395
 20
134.290475566
  0
VERTEX
  8
FILETAGES
 62
7
  6
CONTINUOUS
 10
103.7753132689
 20
134.2630704859
  0
VERTEX
  8
FILETAGES
 62
7
  6
CONTINUOUS
 10
103.8149676487
 20
134.2495753652
  0
VERTEX
  8
FILETAGES
 62
7
  6
CONTINUOUS
 10
103.8884000039
 20
134.224991668
  0
SEQEND
  0
POLYLINE
  8
FILETAGES
 62
7
  6
CONTINUOUS
 66
1
 70
0
  0
VERTEX
  8
FILETAGES
 62
7
  6
CONTINUOUS
 10
103.6961470395
 20
134.3202051547
  0
VERTEX
  8
FILETAGES
 62
7
  6
CONTINUOUS
 10
103.7753132689
 20
134.2928000746
  0
VERTEX
  8
FILETAGES
 62
7
  6
CONTINUOUS
 10
103.8149676487
 20
134.279304954
  0
VERTEX
  8
FILETAGES
 62
7
  6
CONTINUOUS
 10
103.8884000039
 20
134.2547212568
  0
SEQEND
  0
LINE
  8
FILETAGES
 62
7
  6
CONTINUOUS
 10
103.6171740647
 20
134.3481622373
 11
103.6961470395
 21
134.3202051547
  0
POLYLINE
  8
FILETAGES
 62
7
  6
CONTINUOUS
 66
1
 70
0
  0
VERTEX
  8
FILETAGES
 62
7
  6
CONTINUOUS
 10
103.577761251
 20
134.3326177659
  0
VERTEX
  8
FILETAGES
 62
7
  6
CONTINUOUS
 10
103.6171740647
 20
134.3184326485
  0
VERTEX
  8
FILETAGES
 62
7
  6
CONTINUOUS
 10
103.6961470395
 20
134.290475566
  0
SEQEND
  0
POLYLINE
  8
AXES
 62
7
  6
CONTINUOUS
 66
1
 70
0
  0
VERTEX
  8
AXES
 62
7
  6
CONTINUOUS
 10
80.6612721692
 20
143.1499165484
  0
VERTEX
  8
AXES
 62
7
  6
CONTINUOUS
 10
82.6931553043
 20
141.4933100826
  0
VERTEX
  8
AXES
 62
7
  6
CONTINUOUS
 10
84.8173328316
 20
139.9749610768
  0
VERTEX
  8
AXES
 62
7
  6
CONTINUOUS
 10
87.0385369196
 20
138.5921673648
  0
VERTEX
  8
AXES
 62
7
  6
CONTINUOUS
 10
89.342571063
 20
137.3530354456
  0
VERTEX
  8
AXES
 62
7
  6
CONTINUOUS
 10
91.7152387567
 20
136.2656718181
  0
VERTEX
  8
AXES
 62
7
  6
CONTINUOUS
 10
94.1612721692
 20
135.3273743159
  0
SEQEND
  0
POLYLINE
  8
AXES
 62
7
  6
CONTINUOUS
 66
1
 70
0
  0
VERTEX
  8
AXES
 62
7
  6
CONTINUOUS
 10
107.6612721692
 20
135.7591323755
  0
VERTEX
  8
AXES
 62
7
  6
CONTINUOUS
 10
108.6460952938
 20
135.8080913226
  0
VERTEX
  8
AXES
 62
7
  6
CONTINUOUS
 10
109.6121753893
 20
135.9512761748
  0
VERTEX
  8
AXES
 62
7
  6
CONTINUOUS
 10
110.5640181419
 20
136.190053693
  0
VERTEX
  8
AXES
 62
7
  6
CONTINUOUS
 10
111.4881064928
 20
136.5203235945
  0
VERTEX
  8
AXES
 62
7
  6
CONTINUOUS
 10
112.3750758475
 20
136.9402050961
  0
VERTEX
  8
AXES
 62
7
  6
CONTINUOUS
 10
113.2169744994
 20
137.4444064611
  0
VERTEX
  8
AXES
 62
7
  6
CONTINUOUS
 10
114.0049847212
 20
138.0292561356
  0
VERTEX
  8
AXES
 62
7
  6
CONTINUOUS
 10
114.732339981
 20
138.6880127885
  0
VERTEX
  8
AXES
 62
7
  6
CONTINUOUS
 10
115.3911082791
 20
139.4153551908
  0
VERTEX
  8
AXES
 62
7
  6
CONTINUOUS
 10
115.9759682922
 20
140.2033514829
  0
VERTEX
  8
AXES
 62
7
  6
CONTINUOUS
 10
116.4801785703
 20
141.0452352524
  0
VERTEX
  8
AXES
 62
7
  6
CONTINUOUS
 10
116.9000674943
 20
141.932188928
  0
VERTEX
  8
AXES
 62
7
  6
CONTINUOUS
 10
117.2303432341
 20
142.8562609437
  0
VERTEX
  8
AXES
 62
7
  6
CONTINUOUS
 10
117.4691249732
 20
143.8080868704
  0
VERTEX
  8
AXES
 62
7
  6
CONTINUOUS
 10
117.6127738634
 20
144.7788355629
  0
VERTEX
  8
AXES
 62
7
  6
CONTINUOUS
 10
117.6612721692
 20
145.7589556042
  0
SEQEND
  0
POLYLINE
  8
0
 62
7
  6
CONTINUOUS
 66
1
 70
0
  0
VERTEX
  8
0
 62
7
  6
CONTINUOUS
 10
107.6612721692
 20
135.8127902608
  0
VERTEX
  8
0
 62
7
  6
CONTINUOUS
 10
108.4075708982
 20
135.8398567766
  0
VERTEX
  8
0
 62
7
  6
CONTINUOUS
 10
109.1547910732
 20
135.9256131291
  0
VERTEX
  8
0
 62
7
  6
CONTINUOUS
 10
109.9033149103
 20
136.068436536
  0
VERTEX
  8
0
 62
7
  6
CONTINUOUS
 10
110.6519957612
 20
136.2731953441
  0
VERTEX
  8
0
 62
7
  6
CONTINUOUS
 10
111.4012922118
 20
136.5423685282
  0
VERTEX
  8
0
 62
7
  6
CONTINUOUS
 10
112.1467707764
 20
136.8815014219
  0
VERTEX
  8
0
 62
7
  6
CONTINUOUS
 10
112.8875215317
 20
137.2957293198
  0
VERTEX
  8
0
 62
7
  6
CONTINUOUS
 10
113.6134323764
 20
137.7887613141
  0
VERTEX
  8
0
 62
7
  6
CONTINUOUS
 10
114.3182666767
 20
138.3655925886
  0
VERTEX
  8
0
 62
7
  6
CONTINUOUS
 10
114.9894881065
 20
139.0275001642
  0
VERTEX
  8
0
 62
7
  6
CONTINUOUS
 10
115.6173326536
 20
139.7780086268
  0
VERTEX
  8
0
 62
7
  6
CONTINUOUS
 10
116.1872467419
 20
140.6153704658
  0
VERTEX
  8
0
 62
7
  6
CONTINUOUS
 10
116.6872891578
 20
141.5444078547
  0
VERTEX
  8
0
 62
7
  6
CONTINUOUS
 10
117.0998588013
 20
142.5489363268
  0
VERTEX
  8
0
 62
7
  6
CONTINUOUS
 10
117.406027861
 20
143.6230212066
  0
VERTEX
  8
0
 62
7
  6
CONTINUOUS
 10
117.597835258
 20
144.7407352944
  0
VERTEX
  8
0
 62
7
  6
CONTINUOUS
 10
117.6530462824
 20
145.7594014418
  0
SEQEND
  0
LINE
  8
FILETAGES
 62
7
  6
CONTINUOUS
 10
103.5357293204
 20
134.3776466897
 11
103.6171740647
 21
134.3481622373
  0
LINE
  8
FILETAGES
 62
7
  6
CONTINUOUS
 10
103.4964199246
 20
134.3623863289
 11
103.5777612584
 21
134.3326177632
  0
LINE
  8
FILETAGES
 62
7
  6
CONTINUOUS
 10
103.4571612763
 20
134.4067222705
 11
103.5357293204
 21
134.3776466897
  0
POLYLINE
  8
FILETAGES
 62
7
  6
CONTINUOUS
 66
1
 70
0
  0
VERTEX
  8
FILETAGES
 62
7
  6
CONTINUOUS
 10
103.3787981346
 20
134.4066160482
  0
VERTEX
  8
FILETAGES
 62
7
  6
CONTINUOUS
 10
103.4179538537
 20
134.3917359814
  0
VERTEX
  8
FILETAGES
 62
7
  6
CONTINUOUS
 10
103.4964199246
 20
134.3623863289
  0
SEQEND
  0
LINE
  8
FILETAGES
 62
7
  6
CONTINUOUS
 10
103.3787981346
 20
134.436345637
 11
103.4571612763
 21
134.4067222705
  0
POLYLINE
  8
FILETAGES
 62
7
  6
CONTINUOUS
 66
1
 70
0
  0
VERTEX
  8
FILETAGES
 62
7
  6
CONTINUOUS
 10
102.7674976031
 20
134.6596698852
  0
VERTEX
  8
FILETAGES
 62
7
  6
CONTINUOUS
 10
102.8441089758
 20
134.6257727792
  0
VERTEX
  8
FILETAGES
 62
7
  6
CONTINUOUS
 10
102.9594650807
 20
134.575931993
  0
VERTEX
  8
FILETAGES
 62
7
  6
CONTINUOUS
 10
103.0366563816
 20
134.5433770789
  0
VERTEX
  8
FILETAGES
 62
7
  6
CONTINUOUS
 10
103.1528647742
 20
134.4955570897
  0
VERTEX
  8
FILETAGES
 62
7
  6
CONTINUOUS
 10
103.2695675645
 20
134.4489566101
  0
VERTEX
  8
FILETAGES
 62
7
  6
CONTINUOUS
 10
103.378798119
 20
134.4066160542
  0
SEQEND
  0
POLYLINE
  8
FILETAGES
 62
7
  6
CONTINUOUS
 66
1
 70
0
  0
VERTEX
  8
FILETAGES
 62
7
  6
CONTINUOUS
 10
102.7674976031
 20
134.6893994739
  0
VERTEX
  8
FILETAGES
 62
7
  6
CONTINUOUS
 10
102.8441089758
 20
134.655502368
  0
VERTEX
  8
FILETAGES
 62
7
  6
CONTINUOUS
 10
102.9594650807
 20
134.6056615817
  0
VERTEX
  8
FILETAGES
 62
7
  6
CONTINUOUS
 10
103.0366563816
 20
134.5731066677
  0
VERTEX
  8
FILETAGES
 62
7
  6
CONTINUOUS
 10
103.1528647742
 20
134.5252866784
  0
VERTEX
  8
FILETAGES
 62
7
  6
CONTINUOUS
 10
103.2695675645
 20
134.4786861989
  0
VERTEX
  8
FILETAGES
 62
7
  6
CONTINUOUS
 10
103.378798119
 20
134.436345643
  0
SEQEND
  0
POLYLINE
  8
FILETAGES
 62
7
  6
CONTINUOUS
 66
1
 70
0
  0
VERTEX
  8
FILETAGES
 62
7
  6
CONTINUOUS
 10
102.5226280412
 20
134.7723530298
  0
VERTEX
  8
FILETAGES
 62
7
  6
CONTINUOUS
 10
102.598458697
 20
134.7367437099
  0
VERTEX
  8
FILETAGES
 62
7
  6
CONTINUOUS
 10
102.6364667892
 20
134.719137787
  0
VERTEX
  8
FILETAGES
 62
7
  6
CONTINUOUS
 10
102.7126661868
 20
134.6843244878
  0
VERTEX
  8
FILETAGES
 62
7
  6
CONTINUOUS
 10
102.7674976004
 20
134.6596698863
  0
SEQEND
  0
POLYLINE
  8
FILETAGES
 62
7
  6
CONTINUOUS
 66
1
 70
0
  0
VERTEX
  8
FILETAGES
 62
7
  6
CONTINUOUS
 10
102.5226280412
 20
134.8020826185
  0
VERTEX
  8
FILETAGES
 62
7
  6
CONTINUOUS
 10
102.598458697
 20
134.7664732987
  0
VERTEX
  8
FILETAGES
 62
7
  6
CONTINUOUS
 10
102.6364667892
 20
134.7488673757
  0
VERTEX
  8
FILETAGES
 62
7
  6
CONTINUOUS
 10
102.7126661868
 20
134.7140540766
  0
VERTEX
  8
FILETAGES
 62
7
  6
CONTINUOUS
 10
102.7674976004
 20
134.6893994751
  0
SEQEND
  0
LINE
  8
FILETAGES
 62
7
  6
CONTINUOUS
 10
102.4470478357
 20
134.8084908661
 11
102.5226280412
 21
134.7723530298
  0
LINE
  8
FILETAGES
 62
7
  6
CONTINUOUS
 10
102.4470478357
 20
134.8382204548
 11
102.5226280412
 21
134.8020826185
  0
POLYLINE
  8
FILETAGES
 62
7
  6
CONTINUOUS
 66
1
 70
0
  0
VERTEX
  8
FILETAGES
 62
7
  6
CONTINUOUS
 10
101.7226696454
 20
134.6469503531
  0
VERTEX
  8
FILETAGES
 62
7
  6
CONTINUOUS
 10
102.2670692403
 20
134.3699874496
  0
VERTEX
  8
FILETAGES
 62
7
  6
CONTINUOUS
 10
102.8646122585
 20
134.1031350318
  0
VERTEX
  8
FILETAGES
 62
7
  6
CONTINUOUS
 10
103.4342142536
 20
133.8826040168
  0
VERTEX
  8
FILETAGES
 62
7
  6
CONTINUOUS
 10
104.0556658691
 20
133.6775021116
  0
VERTEX
  8
FILETAGES
 62
7
  6
CONTINUOUS
 10
104.6446383474
 20
133.51566091
  0
VERTEX
  8
FILETAGES
 62
7
  6
CONTINUOUS
 10
105.2956556408
 20
133.3720867915
  0
SEQEND
  0
POLYLINE
  8
FILETAGES
 62
7
  6
CONTINUOUS
 66
1
 70
0
  0
VERTEX
  8
FILETAGES
 62
7
  6
CONTINUOUS
 10
101.9853155552
 20
135.0733976492
  0
VERTEX
  8
FILETAGES
 62
7
  6
CONTINUOUS
 10
102.0592651506
 20
135.0340306656
  0
VERTEX
  8
FILETAGES
 62
7
  6
CONTINUOUS
 10
102.1334877798
 20
134.9951808935
  0
VERTEX
  8
FILETAGES
 62
7
  6
CONTINUOUS
 10
102.2079798255
 20
134.9568502265
  0
VERTEX
  8
FILETAGES
 62
7
  6
CONTINUOUS
 10
102.282737657
 20
134.9190405328
  0
VERTEX
  8
FILETAGES
 62
7
  6
CONTINUOUS
 10
102.3577576306
 20
134.8817536552
  0
VERTEX
  8
FILETAGES
 62
7
  6
CONTINUOUS
 10
102.4470478511
 20
134.8382204474
  0
SEQEND
  0
POLYLINE
  8
FILETAGES
 62
7
  6
CONTINUOUS
 66
1
 70
0
  0
VERTEX
  8
FILETAGES
 62
7
  6
CONTINUOUS
 10
100.6078491417
 20
135.9082212588
  0
VERTEX
  8
FILETAGES
 62
7
  6
CONTINUOUS
 10
100.8816681281
 20
135.7150666264
  0
VERTEX
  8
FILETAGES
 62
7
  6
CONTINUOUS
 10
101.1960227491
 20
135.5070035197
  0
VERTEX
  8
FILETAGES
 62
7
  6
CONTINUOUS
 10
101.4808152702
 20
135.3304277968
  0
VERTEX
  8
FILETAGES
 62
7
  6
CONTINUOUS
 10
101.8069562595
 20
135.14137382
  0
VERTEX
  8
FILETAGES
 62
7
  6
CONTINUOUS
 10
102.1017197477
 20
134.9819986138
  0
VERTEX
  8
FILETAGES
 62
7
  6
CONTINUOUS
 10
102.4470477917
 20
134.8084908873
  0
SEQEND
  0
POLYLINE
  8
FILETAGES
 62
7
  6
CONTINUOUS
 66
1
 70
0
  0
VERTEX
  8
FILETAGES
 62
7
  6
CONTINUOUS
 10
100.3139565155
 20
135.5334495009
  0
VERTEX
  8
FILETAGES
 62
7
  6
CONTINUOUS
 10
100.5273525731
 20
135.3817994972
  0
VERTEX
  8
FILETAGES
 62
7
  6
CONTINUOUS
 10
100.7438778036
 20
135.2346517037
  0
VERTEX
  8
FILETAGES
 62
7
  6
CONTINUOUS
 10
101.0003187183
 20
135.0687555686
  0
VERTEX
  8
FILETAGES
 62
7
  6
CONTINUOUS
 10
101.2232962328
 20
134.9315813113
  0
VERTEX
  8
FILETAGES
 62
7
  6
CONTINUOUS
 10
101.4490976563
 20
134.7991067448
  0
VERTEX
  8
FILETAGES
 62
7
  6
CONTINUOUS
 10
101.7226695859
 20
134.6469503853
  0
SEQEND
  0
POLYLINE
  8
FILETAGES
 62
7
  6
CONTINUOUS
 66
1
 70
0
  0
VERTEX
  8
FILETAGES
 62
7
  6
CONTINUOUS
 10
100.6078491417
 20
135.9379508476
  0
VERTEX
  8
FILETAGES
 62
7
  6
CONTINUOUS
 10
100.812709357
 20
135.792366844
  0
VERTEX
  8
FILETAGES
 62
7
  6
CONTINUOUS
 10
101.0205735782
 20
135.6511049622
  0
VERTEX
  8
FILETAGES
 62
7
  6
CONTINUOUS
 10
101.2667568563
 20
135.4918446725
  0
VERTEX
  8
FILETAGES
 62
7
  6
CONTINUOUS
 10
101.4808152702
 20
135.3601573855
  0
VERTEX
  8
FILETAGES
 62
7
  6
CONTINUOUS
 10
101.7339697702
 20
135.2122284549
  0
VERTEX
  8
FILETAGES
 62
7
  6
CONTINUOUS
 10
101.9853156152
 20
135.073397617
  0
SEQEND
  0
POLYLINE
  8
FILETAGES
 62
7
  6
CONTINUOUS
 66
1
 70
0
  0
VERTEX
  8
FILETAGES
 62
7
  6
CONTINUOUS
 10
100.5118879898
 20
135.9786697545
  0
VERTEX
  8
FILETAGES
 62
7
  6
CONTINUOUS
 10
100.5455735866
 20
135.9537729031
  0
VERTEX
  8
FILETAGES
 62
7
  6
CONTINUOUS
 10
100.6078491443
 20
135.9082212569
  0
SEQEND
  0
LINE
  8
0
 62
7
  6
CONTINUOUS
 10
94.1612721692
 20
134.1164539208
 11
96.1612721692
 21
132.116488763
  0
POLYLINE
  8
FILETAGES
 62
7
  6
CONTINUOUS
 66
1
 70
0
  0
VERTEX
  8
FILETAGES
 62
7
  6
CONTINUOUS
 10
99.0387411742
 20
136.5961730206
  0
VERTEX
  8
FILETAGES
 62
7
  6
CONTINUOUS
 10
99.230160512
 20
136.417584321
  0
VERTEX
  8
FILETAGES
 62
7
  6
CONTINUOUS
 10
99.4252780141
 20
136.2430435022
  0
VERTEX
  8
FILETAGES
 62
7
  6
CONTINUOUS
 10
99.6574749006
 20
136.0446306564
  0
VERTEX
  8
FILETAGES
 62
7
  6
CONTINUOUS
 10
99.8603093759
 20
135.8791204716
  0
VERTEX
  8
FILETAGES
 62
7
  6
CONTINUOUS
 10
100.0665656112
 20
135.7178943556
  0
VERTEX
  8
FILETAGES
 62
7
  6
CONTINUOUS
 10
100.3139564419
 20
135.5334495544
  0
SEQEND
  0
POLYLINE
  8
FILETAGES
 62
7
  6
CONTINUOUS
 66
1
 70
0
  0
VERTEX
  8
FILETAGES
 62
7
  6
CONTINUOUS
 10
99.3599351227
 20
136.9510848787
  0
VERTEX
  8
FILETAGES
 62
7
  6
CONTINUOUS
 10
99.5432285522
 20
136.7791382805
  0
VERTEX
  8
FILETAGES
 62
7
  6
CONTINUOUS
 10
99.730082824
 20
136.6110679332
  0
VERTEX
  8
FILETAGES
 62
7
  6
CONTINUOUS
 10
99.9204159776
 20
136.4469475579
  0
VERTEX
  8
FILETAGES
 62
7
  6
CONTINUOUS
 10
100.1141445266
 20
136.2868491433
  0
VERTEX
  8
FILETAGES
 62
7
  6
CONTINUOUS
 10
100.3111834952
 20
136.1308429138
  0
VERTEX
  8
FILETAGES
 62
7
  6
CONTINUOUS
 10
100.5118879791
 20
135.9786697624
  0
SEQEND
  0
POLYLINE
  8
FILETAGES
 62
7
  6
CONTINUOUS
 66
1
 70
0
  0
VERTEX
  8
FILETAGES
 62
7
  6
CONTINUOUS
 10
99.3599351227
 20
136.9808144674
  0
VERTEX
  8
FILETAGES
 62
7
  6
CONTINUOUS
 10
99.5432285522
 20
136.8088678693
  0
VERTEX
  8
FILETAGES
 62
7
  6
CONTINUOUS
 10
99.730082824
 20
136.6407975219
  0
VERTEX
  8
FILETAGES
 62
7
  6
CONTINUOUS
 10
99.9524705544
 20
136.4497128563
  0
VERTEX
  8
FILETAGES
 62
7
  6
CONTINUOUS
 10
100.1467567807
 20
136.2902916439
  0
VERTEX
  8
FILETAGES
 62
7
  6
CONTINUOUS
 10
100.3775839031
 20
136.1094916802
  0
VERTEX
  8
FILETAGES
 62
7
  6
CONTINUOUS
 10
100.6078491968
 20
135.9379508075
  0
SEQEND
  0
LINE
  8
FILETAGES
 62
7
  6
CONTINUOUS
 10
99.2953019163
 20
137.0134676826
 11
99.3599351162
 21
136.9510848848
  0
LINE
  8
FILETAGES
 62
7
  6
CONTINUOUS
 10
99.2354464398
 20
137.07208131
 11
99.2953019163
 21
137.0134676826
  0
LINE
  8
FILETAGES
 62
7
  6
CONTINUOUS
 10
99.1760016262
 20
137.1311113682
 11
99.2354464398
 21
137.07208131
  0
LINE
  8
FILETAGES
 62
7
  6
CONTINUOUS
 10
99.1193202788
 20
137.1881727448
 11
99.1760016279
 21
137.1311113666
  0
POLYLINE
  8
FILETAGES
 62
7
  6
CONTINUOUS
 66
1
 70
0
  0
VERTEX
  8
FILETAGES
 62
7
  6
CONTINUOUS
 10
99.0890223452
 20
137.2487193317
  0
VERTEX
  8
FILETAGES
 62
7
  6
CONTINUOUS
 10
99.1478557658
 20
137.1890799177
  0
VERTEX
  8
FILETAGES
 62
7
  6
CONTINUOUS
 10
99.2071041183
 20
137.1298526811
  0
VERTEX
  8
FILETAGES
 62
7
  6
CONTINUOUS
 10
99.2368829924
 20
137.1003945323
  0
VERTEX
  8
FILETAGES
 62
7
  6
CONTINUOUS
 10
99.2967483221
 20
137.0417909682
  0
VERTEX
  8
FILETAGES
 62
7
  6
CONTINUOUS
 10
99.3599351369
 20
136.9808144537
  0
SEQEND
  0
LINE
  8
FILETAGES
 62
7
  6
CONTINUOUS
 10
99.0494654273
 20
137.2595607134
 11
99.1193202761
 21
137.1881727475
  0
LINE
  8
FILETAGES
 62
7
  6
CONTINUOUS
 10
99.0226024899
 20
137.3170616551
 11
99.0890223452
 21
137.2487193317
  0
LINE
  8
FILETAGES
 62
7
  6
CONTINUOUS
 10
98.9935812441
 20
137.3175368604
 11
99.049465427
 21
137.2595607137
  0
POLYLINE
  8
FILETAGES
 62
7
  6
CONTINUOUS
 66
1
 70
0
  0
VERTEX
  8
FILETAGES
 62
7
  6
CONTINUOUS
 10
98.5329053534
 20
137.1066423748
  0
VERTEX
  8
FILETAGES
 62
7
  6
CONTINUOUS
 10
98.59274422
 20
137.0431240942
  0
VERTEX
  8
FILETAGES
 62
7
  6
CONTINUOUS
 10
98.6833303286
 20
136.9486338061
  0
VERTEX
  8
FILETAGES
 62
7
  6
CONTINUOUS
 10
98.7749009697
 20
136.8550972805
  0
VERTEX
  8
FILETAGES
 62
7
  6
CONTINUOUS
 10
98.8364900719
 20
136.7932745344
  0
VERTEX
  8
FILETAGES
 62
7
  6
CONTINUOUS
 10
98.9296792327
 20
136.7013503546
  0
VERTEX
  8
FILETAGES
 62
7
  6
CONTINUOUS
 10
99.0387411774
 20
136.5961730176
  0
SEQEND
  0
POLYLINE
  8
FILETAGES
 62
7
  6
CONTINUOUS
 66
1
 70
0
  0
VERTEX
  8
FILETAGES
 62
7
  6
CONTINUOUS
 10
98.8093641797
 20
137.5440448691
  0
VERTEX
  8
FILETAGES
 62
7
  6
CONTINUOUS
 10
98.8661426345
 20
137.4824459262
  0
VERTEX
  8
FILETAGES
 62
7
  6
CONTINUOUS
 10
98.894692784
 20
137.4517954726
  0
VERTEX
  8
FILETAGES
 62
7
  6
CONTINUOUS
 10
98.9521131879
 20
137.3907944684
  0
VERTEX
  8
FILETAGES
 62
7
  6
CONTINUOUS
 10
99.0226024899
 20
137.3170616551
  0
SEQEND
  0
LINE
  8
FILETAGES
 62
7
  6
CONTINUOUS
 10
98.7530171544
 20
137.606038689
 11
98.8093641797
 21
137.5440448691
  0
LINE
  8
AXES
 62
7
  6
CONTINUOUS
 10
80.6612721692
 20
155.279219404
 11
80.6612721692
 21
143.1499165484
  0
POLYLINE
  8
AXES
 62
7
  6
CONTINUOUS
 66
1
 70
0
  0
VERTEX
  8
AXES
 62
7
  6
CONTINUOUS
 10
84.2972637956
 20
149.0977138255
  0
VERTEX
  8
AXES
 62
7
  6
CONTINUOUS
 10
84.3862721692
 20
149.0880591747
  0
VERTEX
  8
AXES
 62
7
  6
CONTINUOUS
 10
84.4752805428
 20
149.0977138255
  0
SEQEND
  0
POLYLINE
  8
FILETAGES
 62
7
  6
CONTINUOUS
 66
1
 70
0
  0
VERTEX
  8
FILETAGES
 62
7
  6
CONTINUOUS
 10
98.3234421465
 20
138.0794822409
  0
VERTEX
  8
FILETAGES
 62
7
  6
CONTINUOUS
 10
98.4295839815
 20
137.9498427331
  0
VERTEX
  8
FILETAGES
 62
7
  6
CONTINUOUS
 10
98.5375255525
 20
137.8216978072
  0
VERTEX
  8
FILETAGES
 62
7
  6
CONTINUOUS
 10
98.6472458159
 20
137.6950724455
  0
VERTEX
  8
FILETAGES
 62
7
  6
CONTINUOUS
 10
98.7587233815
 20
137.5699913337
  0
VERTEX
  8
FILETAGES
 62
7
  6
CONTINUOUS
 10
98.8719365168
 20
137.4464788567
  0
VERTEX
  8
FILETAGES
 62
7
  6
CONTINUOUS
 10
98.993581246
 20
137.3175368585
  0
SEQEND
  0
POLYLINE
  8
FILETAGES
 62
7
  6
CONTINUOUS
 66
1
 70
0
  0
VERTEX
  8
FILETAGES
 62
7
  6
CONTINUOUS
 10
98.3234421465
 20
138.1092118296
  0
VERTEX
  8
FILETAGES
 62
7
  6
CONTINUOUS
 10
98.3762867955
 20
138.0442068258
  0
VERTEX
  8
FILETAGES
 62
7
  6
CONTINUOUS
 10
98.4564014651
 20
137.9473949924
  0
VERTEX
  8
FILETAGES
 62
7
  6
CONTINUOUS
 10
98.5103725793
 20
137.8833221392
  0
VERTEX
  8
FILETAGES
 62
7
  6
CONTINUOUS
 10
98.5921646764
 20
137.7879232197
  0
VERTEX
  8
FILETAGES
 62
7
  6
CONTINUOUS
 10
98.6749513033
 20
137.6933860252
  0
VERTEX
  8
FILETAGES
 62
7
  6
CONTINUOUS
 10
98.7530171433
 20
137.6060387014
  0
SEQEND
  0
LINE
  8
FILETAGES
 62
7
  6
CONTINUOUS
 10
98.2692833709
 20
138.1470786573
 11
98.3234421515
 21
138.0794822347
  0
LINE
  8
FILETAGES
 62
7
  6
CONTINUOUS
 10
98.2692833709
 20
138.1768082461
 11
98.3234421515
 21
138.1092118235
  0
POLYLINE
  8
FILETAGES
 62
7
  6
CONTINUOUS
 66
1
 70
0
  0
VERTEX
  8
FILETAGES
 62
7
  6
CONTINUOUS
 10
98.1915813697
 20
138.2458373375
  0
VERTEX
  8
FILETAGES
 62
7
  6
CONTINUOUS
 10
98.2173670709
 20
138.2128274353
  0
VERTEX
  8
FILETAGES
 62
7
  6
CONTINUOUS
 10
98.2692833709
 20
138.1470786573
  0
SEQEND
  0
POLYLINE
  8
FILETAGES
 62
7
  6
CONTINUOUS
 66
1
 70
0
  0
VERTEX
  8
FILETAGES
 62
7
  6
CONTINUOUS
 10
98.1915813697
 20
138.2755669263
  0
VERTEX
  8
FILETAGES
 62
7
  6
CONTINUOUS
 10
98.2173670709
 20
138.2425570241
  0
VERTEX
  8
FILETAGES
 62
7
  6
CONTINUOUS
 10
98.2692833709
 20
138.1768082461
  0
SEQEND
  0
POLYLINE
  8
FILETAGES
 62
7
  6
CONTINUOUS
 66
1
 70
0
  0
VERTEX
  8
FILETAGES
 62
7
  6
CONTINUOUS
 10
98.0681958333
 20
138.4368882883
  0
VERTEX
  8
FILETAGES
 62
7
  6
CONTINUOUS
 10
98.1187590674
 20
138.3700933898
  0
VERTEX
  8
FILETAGES
 62
7
  6
CONTINUOUS
 10
98.1442152475
 20
138.336828719
  0
VERTEX
  8
FILETAGES
 62
7
  6
CONTINUOUS
 10
98.1915813731
 20
138.2755669218
  0
SEQEND
  0
LINE
  8
FILETAGES
 62
7
  6
CONTINUOUS
 10
98.0181001523
 20
138.504034548
 11
98.0681958333
 21
138.4368882883
  0
LINE
  8
FILETAGES
 62
7
  6
CONTINUOUS
 10
97.9623144989
 20
138.5799761701
 11
98.0181001523
 21
138.504034548
  0
LINE
  8
FILETAGES
 62
7
  6
CONTINUOUS
 10
97.9132203495
 20
138.6478581149
 11
97.9623144989
 21
138.5799761701
  0
POLYLINE
  8
FILETAGES
 62
7
  6
CONTINUOUS
 66
1
 70
0
  0
VERTEX
  8
FILETAGES
 62
7
  6
CONTINUOUS
 10
97.7961755872
 20
138.8138371562
  0
VERTEX
  8
FILETAGES
 62
7
  6
CONTINUOUS
 10
97.8441138255
 20
138.7451340611
  0
VERTEX
  8
FILETAGES
 62
7
  6
CONTINUOUS
 10
97.8682625195
 20
138.7109084316
  0
VERTEX
  8
FILETAGES
 62
7
  6
CONTINUOUS
 10
97.9132203528
 20
138.6478581103
  0
SEQEND
  0
LINE
  8
FILETAGES
 62
7
  6
CONTINUOUS
 10
97.7487181598
 20
138.8828732405
 11
97.7961755872
 21
138.8138371562
  0
LINE
  8
FILETAGES
 62
7
  6
CONTINUOUS
 10
97.7001588103
 20
138.9545978369
 11
97.7487181598
 21
138.8828732405
  0
LINE
  8
FILETAGES
 62
7
  6
CONTINUOUS
 10
97.653686427
 20
139.0243007971
 11
97.7001588103
 21
138.9545978369
  0
LINE
  8
FILETAGES
 62
7
  6
CONTINUOUS
 10
97.6077017994
 20
139.0943264889
 11
97.653686427
 21
139.0243007971
  0
POLYLINE
  8
FILETAGES
 62
7
  6
CONTINUOUS
 66
1
 70
0
  0
VERTEX
  8
FILETAGES
 62
7
  6
CONTINUOUS
 10
97.2618932235
 20
139.6286288402
  0
VERTEX
  8
FILETAGES
 62
7
  6
CONTINUOUS
 10
97.3895715472
 20
139.4121577147
  0
VERTEX
  8
FILETAGES
 62
7
  6
CONTINUOUS
 10
97.5442200097
 20
139.1630541175
  0
VERTEX
  8
FILETAGES
 62
7
  6
CONTINUOUS
 10
97.6815868482
 20
138.9525976018
  0
VERTEX
  8
FILETAGES
 62
7
  6
CONTINUOUS
 10
97.8473763942
 20
138.7107656316
  0
VERTEX
  8
FILETAGES
 62
7
  6
CONTINUOUS
 10
98.0190250366
 20
138.4730563789
  0
VERTEX
  8
FILETAGES
 62
7
  6
CONTINUOUS
 10
98.1915813479
 20
138.2458373655
  0
SEQEND
  0
POLYLINE
  8
FILETAGES
 62
7
  6
CONTINUOUS
 66
1
 70
0
  0
VERTEX
  8
FILETAGES
 62
7
  6
CONTINUOUS
 10
97.2618932235
 20
139.658358429
  0
VERTEX
  8
FILETAGES
 62
7
  6
CONTINUOUS
 10
97.3039485548
 20
139.5859048552
  0
VERTEX
  8
FILETAGES
 62
7
  6
CONTINUOUS
 10
97.3679774071
 20
139.4777793935
  0
VERTEX
  8
FILETAGES
 62
7
  6
CONTINUOUS
 10
97.4112908447
 20
139.4060708085
  0
VERTEX
  8
FILETAGES
 62
7
  6
CONTINUOUS
 10
97.4771970279
 20
139.2990792526
  0
VERTEX
  8
FILETAGES
 62
7
  6
CONTINUOUS
 10
97.5442200097
 20
139.1927837062
  0
VERTEX
  8
FILETAGES
 62
7
  6
CONTINUOUS
 10
97.6077017903
 20
139.0943265029
  0
SEQEND
  0
POLYLINE
  8
FILETAGES
 62
7
  6
CONTINUOUS
 66
1
 70
0
  0
VERTEX
  8
FILETAGES
 62
7
  6
CONTINUOUS
 10
97.130024248
 20
139.8637195921
  0
VERTEX
  8
FILETAGES
 62
7
  6
CONTINUOUS
 10
97.1704415341
 20
139.7903396939
  0
VERTEX
  8
FILETAGES
 62
7
  6
CONTINUOUS
 10
97.1908420419
 20
139.7537560019
  0
VERTEX
  8
FILETAGES
 62
7
  6
CONTINUOUS
 10
97.232025544
 20
139.6808033608
  0
VERTEX
  8
FILETAGES
 62
7
  6
CONTINUOUS
 10
97.2618932221
 20
139.6286288427
  0
SEQEND
  0
POLYLINE
  8
FILETAGES
 62
7
  6
CONTINUOUS
 66
1
 70
0
  0
VERTEX
  8
FILETAGES
 62
7
  6
CONTINUOUS
 10
97.130024248
 20
139.8934491808
  0
VERTEX
  8
FILETAGES
 62
7
  6
CONTINUOUS
 10
97.1704415341
 20
139.8200692827
  0
VERTEX
  8
FILETAGES
 62
7
  6
CONTINUOUS
 10
97.1908420419
 20
139.7834855907
  0
VERTEX
  8
FILETAGES
 62
7
  6
CONTINUOUS
 10
97.232025544
 20
139.7105329496
  0
VERTEX
  8
FILETAGES
 62
7
  6
CONTINUOUS
 10
97.2618932221
 20
139.6583584315
  0
SEQEND
  0
LINE
  8
FILETAGES
 62
7
  6
CONTINUOUS
 10
97.09012024
 20
139.9373798606
 11
97.130024248
 21
139.8637195921
  0
LINE
  8
FILETAGES
 62
7
  6
CONTINUOUS
 10
97.09012024
 20
139.9671094494
 11
97.130024248
 21
139.8934491808
  0
POLYLINE
  8
FILETAGES
 62
7
  6
CONTINUOUS
 66
1
 70
0
  0
VERTEX
  8
FILETAGES
 62
7
  6
CONTINUOUS
 10
96.8548071084
 20
140.4287664238
  0
VERTEX
  8
FILETAGES
 62
7
  6
CONTINUOUS
 10
96.8914938463
 20
140.3534521518
  0
VERTEX
  8
FILETAGES
 62
7
  6
CONTINUOUS
 10
96.928705488
 20
140.2783958303
  0
VERTEX
  8
FILETAGES
 62
7
  6
CONTINUOUS
 10
96.9664402199
 20
140.2036011174
  0
VERTEX
  8
FILETAGES
 62
7
  6
CONTINUOUS
 10
97.0046962028
 20
140.1290716586
  0
VERTEX
  8
FILETAGES
 62
7
  6
CONTINUOUS
 10
97.0434715721
 20
140.0548110862
  0
VERTEX
  8
FILETAGES
 62
7
  6
CONTINUOUS
 10
97.0901202481
 20
139.9671094343
  0
SEQEND
  0
POLYLINE
  8
AXES
 62
7
  6
CONTINUOUS
 66
1
 70
0
  0
VERTEX
  8
AXES
 62
7
  6
CONTINUOUS
 10
83.9862721692
 20
149.4638944258
  0
VERTEX
  8
AXES
 62
7
  6
CONTINUOUS
 10
83.9971559989
 20
149.3728224881
  0
VERTEX
  8
AXES
 62
7
  6
CONTINUOUS
 10
84.025884622
 20
149.2903439981
  0
VERTEX
  8
AXES
 62
7
  6
CONTINUOUS
 10
84.0738319918
 20
149.2147361032
  0
VERTEX
  8
AXES
 62
7
  6
CONTINUOUS
 10
84.1368762484
 20
149.151167361
  0
VERTEX
  8
AXES
 62
7
  6
CONTINUOUS
 10
84.212880952
 20
149.1038502179
  0
VERTEX
  8
AXES
 62
7
  6
CONTINUOUS
 10
84.2972637956
 20
149.0739301545
  0
VERTEX
  8
AXES
 62
7
  6
CONTINUOUS
 10
84.3862721692
 20
149.0642755037
  0
VERTEX
  8
AXES
 62
7
  6
CONTINUOUS
 10
84.4752805428
 20
149.0739301545
  0
VERTEX
  8
AXES
 62
7
  6
CONTINUOUS
 10
84.5596633864
 20
149.1038502179
  0
VERTEX
  8
AXES
 62
7
  6
CONTINUOUS
 10
84.6356680899
 20
149.151167361
  0
VERTEX
  8
AXES
 62
7
  6
CONTINUOUS
 10
84.6987123465
 20
149.2147361032
  0
VERTEX
  8
AXES
 62
7
  6
CONTINUOUS
 10
84.7466597163
 20
149.2903439981
  0
VERTEX
  8
AXES
 62
7
  6
CONTINUOUS
 10
84.7753883394
 20
149.3728224881
  0
VERTEX
  8
AXES
 62
7
  6
CONTINUOUS
 10
84.7862721692
 20
149.4876780968
  0
SEQEND
  0
POLYLINE
  8
AXES
 62
7
  6
CONTINUOUS
 66
1
 70
0
  0
VERTEX
  8
AXES
 62
7
  6
CONTINUOUS
 10
84.7862721692
 20
149.4638944258
  0
VERTEX
  8
AXES
 62
7
  6
CONTINUOUS
 10
84.7753883394
 20
149.5549663635
  0
VERTEX
  8
AXES
 62
7
  6
CONTINUOUS
 10
84.7466597163
 20
149.6374448535
  0
VERTEX
  8
AXES
 62
7
  6
CONTINUOUS
 10
84.6987123465
 20
149.7130527484
  0
VERTEX
  8
AXES
 62
7
  6
CONTINUOUS
 10
84.6356680899
 20
149.7766214906
  0
VERTEX
  8
AXES
 62
7
  6
CONTINUOUS
 10
84.5596633864
 20
149.8239386336
  0
VERTEX
  8
AXES
 62
7
  6
CONTINUOUS
 10
84.4752805428
 20
149.8538586971
  0
VERTEX
  8
AXES
 62
7
  6
CONTINUOUS
 10
84.3862721692
 20
149.8635133479
  0
VERTEX
  8
AXES
 62
7
  6
CONTINUOUS
 10
84.2972637956
 20
149.8538586971
  0
VERTEX
  8
AXES
 62
7
  6
CONTINUOUS
 10
84.212880952
 20
149.8239386336
  0
VERTEX
  8
AXES
 62
7
  6
CONTINUOUS
 10
84.1368762484
 20
149.7766214906
  0
VERTEX
  8
AXES
 62
7
  6
CONTINUOUS
 10
84.0738319918
 20
149.7130527484
  0
VERTEX
  8
AXES
 62
7
  6
CONTINUOUS
 10
84.025884622
 20
149.6374448535
  0
VERTEX
  8
AXES
 62
7
  6
CONTINUOUS
 10
83.9971559989
 20
149.5549663635
  0
VERTEX
  8
AXES
 62
7
  6
CONTINUOUS
 10
83.9862721692
 20
149.4638944258
  0
SEQEND
  0
POLYLINE
  8
AXES
 62
7
  6
CONTINUOUS
 66
1
 70
0
  0
VERTEX
  8
AXES
 62
7
  6
CONTINUOUS
 10
87.2862721692
 20
152.3032984053
  0
VERTEX
  8
AXES
 62
7
  6
CONTINUOUS
 10
87.3083997881
 20
152.001493178
  0
VERTEX
  8
AXES
 62
7
  6
CONTINUOUS
 10
87.3713369246
 20
151.7116704944
  0
VERTEX
  8
AXES
 62
7
  6
CONTINUOUS
 10
87.4763408298
 20
151.4310774072
  0
VERTEX
  8
AXES
 62
7
  6
CONTINUOUS
 10
87.6196397502
 20
151.1679727583
  0
VERTEX
  8
AXES
 62
7
  6
CONTINUOUS
 10
87.7994438648
 20
150.9283281584
  0
VERTEX
  8
AXES
 62
7
  6
CONTINUOUS
 10
88.0110646279
 20
150.7162523541
  0
VERTEX
  8
AXES
 62
7
  6
CONTINUOUS
 10
88.2511022918
 20
150.5369708218
  0
VERTEX
  8
AXES
 62
7
  6
CONTINUOUS
 10
88.5139006419
 20
150.3931049824
  0
VERTEX
  8
AXES
 62
7
  6
CONTINUOUS
 10
88.7947254312
 20
150.2887108412
  0
VERTEX
  8
AXES
 62
7
  6
CONTINUOUS
 10
89.0874110088
 20
150.2247101215
  0
VERTEX
  8
AXES
 62
7
  6
CONTINUOUS
 10
89.3862721692
 20
150.2036607639
  0
VERTEX
  8
AXES
 62
7
  6
CONTINUOUS
 10
89.6851333295
 20
150.2247101215
  0
VERTEX
  8
AXES
 62
7
  6
CONTINUOUS
 10
89.9778189072
 20
150.2887108412
  0
VERTEX
  8
AXES
 62
7
  6
CONTINUOUS
 10
90.2586436965
 20
150.3931049824
  0
VERTEX
  8
AXES
 62
7
  6
CONTINUOUS
 10
90.5214420465
 20
150.5369708218
  0
VERTEX
  8
AXES
 62
7
  6
CONTINUOUS
 10
90.7614797105
 20
150.7162523541
  0
VERTEX
  8
AXES
 62
7
  6
CONTINUOUS
 10
90.9731004736
 20
150.9283281584
  0
VERTEX
  8
AXES
 62
7
  6
CONTINUOUS
 10
91.1529045881
 20
151.1679727583
  0
VERTEX
  8
AXES
 62
7
  6
CONTINUOUS
 10
91.2962035086
 20
151.4310774072
  0
VERTEX
  8
AXES
 62
7
  6
CONTINUOUS
 10
91.4012074138
 20
151.7116704944
  0
VERTEX
  8
AXES
 62
7
  6
CONTINUOUS
 10
91.4641445502
 20
152.001493178
  0
VERTEX
  8
AXES
 62
7
  6
CONTINUOUS
 10
91.4862721692
 20
152.3032984053
  0
SEQEND
  0
LINE
  8
AXES
 62
7
  6
CONTINUOUS
 10
86.2559517241
 20
159.1965869532
 11
86.2559517241
 21
159.2203706242
  0
POLYLINE
  8
FILETAGES
 62
7
  6
CONTINUOUS
 66
1
 70
0
  0
VERTEX
  8
FILETAGES
 62
7
  6
CONTINUOUS
 10
96.4335562717
 20
141.3809541161
  0
VERTEX
  8
FILETAGES
 62
7
  6
CONTINUOUS
 10
96.524717683
 20
141.1467516032
  0
VERTEX
  8
FILETAGES
 62
7
  6
CONTINUOUS
 10
96.6207639551
 20
140.9145095615
  0
VERTEX
  8
FILETAGES
 62
7
  6
CONTINUOUS
 10
96.721652959
 20
140.6843298601
  0
VERTEX
  8
FILETAGES
 62
7
  6
CONTINUOUS
 10
96.8454183161
 20
140.418528089
  0
VERTEX
  8
FILETAGES
 62
7
  6
CONTINUOUS
 10
96.9566452855
 20
140.1931618873
  0
VERTEX
  8
FILETAGES
 62
7
  6
CONTINUOUS
 10
97.0901202103
 20
139.9373799159
  0
SEQEND
  0
LINE
  8
FILETAGES
 62
7
  6
CONTINUOUS
 10
96.4080943589
 20
141.4490752506
 11
96.4335562707
 21
141.3809541188
  0
LINE
  8
FILETAGES
 62
7
  6
CONTINUOUS
 10
96.37927592
 20
141.5277367765
 11
96.4080943589
 21
141.4490752506
  0
LINE
  8
FILETAGES
 62
7
  6
CONTINUOUS
 10
96.3457375754
 20
141.6214929276
 11
96.3792759214
 21
141.5277367728
  0
LINE
  8
FILETAGES
 62
7
  6
CONTINUOUS
 10
96.3181243701
 20
141.7005855731
 11
96.3457375754
 21
141.6214929276
  0
LINE
  8
FILETAGES
 62
7
  6
CONTINUOUS
 10
96.2880512491
 20
141.788809526
 11
96.3181243669
 21
141.7005855822
  0
POLYLINE
  8
FILETAGES
 62
7
  6
CONTINUOUS
 66
1
 70
0
  0
VERTEX
  8
FILETAGES
 62
7
  6
CONTINUOUS
 10
96.2485939736
 20
141.9378447848
  0
VERTEX
  8
FILETAGES
 62
7
  6
CONTINUOUS
 10
96.3287557263
 20
141.6996531671
  0
VERTEX
  8
FILETAGES
 62
7
  6
CONTINUOUS
 10
96.4138882953
 20
141.4631925401
  0
VERTEX
  8
FILETAGES
 62
7
  6
CONTINUOUS
 10
96.5194422466
 20
141.1896479169
  0
VERTEX
  8
FILETAGES
 62
7
  6
CONTINUOUS
 10
96.6152139277
 20
140.9572925091
  0
VERTEX
  8
FILETAGES
 62
7
  6
CONTINUOUS
 10
96.7330682395
 20
140.688817639
  0
VERTEX
  8
FILETAGES
 62
7
  6
CONTINUOUS
 10
96.854807138
 20
140.4287663624
  0
SEQEND
  0
LINE
  8
FILETAGES
 62
7
  6
CONTINUOUS
 10
96.2616075509
 20
141.8683008102
 11
96.2880512491
 21
141.788809526
  0
LINE
  8
FILETAGES
 62
7
  6
CONTINUOUS
 10
96.2377443563
 20
141.9416740207
 11
96.2616075509
 21
141.8683008102
  0
LINE
  8
FILETAGES
 62
7
  6
CONTINUOUS
 10
96.2123690897
 20
142.0215127791
 11
96.2377443563
 21
141.9416740207
  0
POLYLINE
  8
AXES
 62
7
  6
CONTINUOUS
 66
1
 70
0
  0
VERTEX
  8
AXES
 62
7
  6
CONTINUOUS
 10
91.4862721692
 20
152.3032984053
  0
VERTEX
  8
AXES
 62
7
  6
CONTINUOUS
 10
91.4641445502
 20
152.6051036326
  0
VERTEX
  8
AXES
 62
7
  6
CONTINUOUS
 10
91.4012074138
 20
152.8949263162
  0
VERTEX
  8
AXES
 62
7
  6
CONTINUOUS
 10
91.2962035086
 20
153.1755194034
  0
VERTEX
  8
AXES
 62
7
  6
CONTINUOUS
 10
91.1529045881
 20
153.4386240523
  0
VERTEX
  8
AXES
 62
7
  6
CONTINUOUS
 10
90.9731004736
 20
153.6782686522
  0
VERTEX
  8
AXES
 62
7
  6
CONTINUOUS
 10
90.7614797105
 20
153.8903444565
  0
VERTEX
  8
AXES
 62
7
  6
CONTINUOUS
 10
90.5214420465
 20
154.0696259888
  0
VERTEX
  8
AXES
 62
7
  6
CONTINUOUS
 10
90.2586436965
 20
154.2134918282
  0
VERTEX
  8
AXES
 62
7
  6
CONTINUOUS
 10
89.9778189072
 20
154.3178859694
  0
VERTEX
  8
AXES
 62
7
  6
CONTINUOUS
 10
89.6851333295
 20
154.3818866891
  0
VERTEX
  8
AXES
 62
7
  6
CONTINUOUS
 10
89.3862721692
 20
154.4029360468
  0
VERTEX
  8
AXES
 62
7
  6
CONTINUOUS
 10
89.0874110088
 20
154.3818866891
  0
VERTEX
  8
AXES
 62
7
  6
CONTINUOUS
 10
88.7947254312
 20
154.3178859694
  0
VERTEX
  8
AXES
 62
7
  6
CONTINUOUS
 10
88.5139006419
 20
154.2134918282
  0
VERTEX
  8
AXES
 62
7
  6
CONTINUOUS
 10
88.2511022918
 20
154.0696259888
  0
VERTEX
  8
AXES
 62
7
  6
CONTINUOUS
 10
88.0110646279
 20
153.8903444565
  0
VERTEX
  8
AXES
 62
7
  6
CONTINUOUS
 10
87.7994438648
 20
153.6782686522
  0
VERTEX
  8
AXES
 62
7
  6
CONTINUOUS
 10
87.6196397502
 20
153.4386240523
  0
VERTEX
  8
AXES
 62
7
  6
CONTINUOUS
 10
87.4763408298
 20
153.1755194034
  0
VERTEX
  8
AXES
 62
7
  6
CONTINUOUS
 10
87.3713369246
 20
152.8949263162
  0
VERTEX
  8
AXES
 62
7
  6
CONTINUOUS
 10
87.3083997881
 20
152.6051036326
  0
VERTEX
  8
AXES
 62
7
  6
CONTINUOUS
 10
87.2862721692
 20
152.3032984053
  0
SEQEND
  0
POLYLINE
  8
FILETAGES
 62
7
  6
CONTINUOUS
 66
1
 70
0
  0
VERTEX
  8
FILETAGES
 62
7
  6
CONTINUOUS
 10
104.4582163792
 20
157.1806690565
  0
VERTEX
  8
FILETAGES
 62
7
  6
CONTINUOUS
 10
104.3775588136
 20
157.1580262689
  0
VERTEX
  8
FILETAGES
 62
7
  6
CONTINUOUS
 10
104.2970612915
 20
157.1348209516
  0
VERTEX
  8
FILETAGES
 62
7
  6
CONTINUOUS
 10
104.2167277364
 20
157.1110542356
  0
VERTEX
  8
FILETAGES
 62
7
  6
CONTINUOUS
 10
104.1365620634
 20
157.0867272792
  0
VERTEX
  8
FILETAGES
 62
7
  6
CONTINUOUS
 10
104.0178557506
 20
157.0495774666
  0
SEQEND
  0
POLYLINE
  8
FILETAGES
 62
7
  6
CONTINUOUS
 66
1
 70
0
  0
VERTEX
  8
FILETAGES
 62
7
  6
CONTINUOUS
 10
104.5368903433
 20
157.2319010139
  0
VERTEX
  8
FILETAGES
 62
7
  6
CONTINUOUS
 10
104.4560807442
 20
157.209806936
  0
VERTEX
  8
FILETAGES
 62
7
  6
CONTINUOUS
 10
104.3754273616
 20
157.1871492537
  0
VERTEX
  8
FILETAGES
 62
7
  6
CONTINUOUS
 10
104.2949341264
 20
157.1639290712
  0
VERTEX
  8
FILETAGES
 62
7
  6
CONTINUOUS
 10
104.2146049618
 20
157.1401475203
  0
VERTEX
  8
FILETAGES
 62
7
  6
CONTINUOUS
 10
104.1344437829
 20
157.11580576
  0
VERTEX
  8
FILETAGES
 62
7
  6
CONTINUOUS
 10
104.0178557651
 20
157.07930706
  0
SEQEND
  0
LINE
  8
FILETAGES
 62
7
  6
CONTINUOUS
 10
104.5557705401
 20
157.2072461855
 11
104.4582163792
 21
157.1806690565
  0
LINE
  8
FILETAGES
 62
7
  6
CONTINUOUS
 10
104.6259453735
 20
157.2258197199
 11
104.5557705495
 21
157.207246188
  0
LINE
  8
FILETAGES
 62
7
  6
CONTINUOUS
 10
104.7070701782
 20
157.2467268348
 11
104.6259453735
 21
157.2258197199
  0
LINE
  8
FILETAGES
 62
7
  6
CONTINUOUS
 10
104.7883389665
 20
157.2670670969
 11
104.7070701782
 21
157.2467268348
  0
POLYLINE
  8
FILETAGES
 62
7
  6
CONTINUOUS
 66
1
 70
0
  0
VERTEX
  8
FILETAGES
 62
7
  6
CONTINUOUS
 10
104.902796594
 20
157.2946948504
  0
VERTEX
  8
FILETAGES
 62
7
  6
CONTINUOUS
 10
104.8620473114
 20
157.2849949949
  0
VERTEX
  8
FILETAGES
 62
7
  6
CONTINUOUS
 10
104.7883389665
 20
157.2670670969
  0
SEQEND
  0
POLYLINE
  8
FILETAGES
 62
7
  6
CONTINUOUS
 66
1
 70
0
  0
VERTEX
  8
FILETAGES
 62
7
  6
CONTINUOUS
 10
105.1801868048
 20
157.3864832448
  0
VERTEX
  8
FILETAGES
 62
7
  6
CONTINUOUS
 10
105.0982823311
 20
157.3688763405
  0
VERTEX
  8
FILETAGES
 62
7
  6
CONTINUOUS
 10
104.9756610848
 20
157.341394965
  0
VERTEX
  8
FILETAGES
 62
7
  6
CONTINUOUS
 10
104.8940763739
 20
157.3223613375
  0
VERTEX
  8
FILETAGES
 62
7
  6
CONTINUOUS
 10
104.7719534281
 20
157.2927441495
  0
VERTEX
  8
FILETAGES
 62
7
  6
CONTINUOUS
 10
104.6501473286
 20
157.261849763
  0
VERTEX
  8
FILETAGES
 62
7
  6
CONTINUOUS
 10
104.5368903595
 20
157.2319010182
  0
SEQEND
  0
POLYLINE
  8
FILETAGES
 62
7
  6
CONTINUOUS
 66
1
 70
0
  0
VERTEX
  8
FILETAGES
 62
7
  6
CONTINUOUS
 10
105.4445251031
 20
157.4392488387
  0
VERTEX
  8
FILETAGES
 62
7
  6
CONTINUOUS
 10
105.3622458108
 20
157.4234860305
  0
VERTEX
  8
FILETAGES
 62
7
  6
CONTINUOUS
 10
105.3211479335
 20
157.4153893201
  0
VERTEX
  8
FILETAGES
 62
7
  6
CONTINUOUS
 10
105.2390382203
 20
157.3987657804
  0
VERTEX
  8
FILETAGES
 62
7
  6
CONTINUOUS
 10
105.1801868076
 20
157.3864832454
  0
SEQEND
  0
POLYLINE
  8
FILETAGES
 62
7
  6
CONTINUOUS
 66
1
 70
0
  0
VERTEX
  8
FILETAGES
 62
7
  6
CONTINUOUS
 10
105.5269124365
 20
157.4247072711
  0
VERTEX
  8
FILETAGES
 62
7
  6
CONTINUOUS
 10
105.4445251031
 20
157.40951925
  0
VERTEX
  8
FILETAGES
 62
7
  6
CONTINUOUS
 10
105.3211479335
 20
157.3856597314
  0
VERTEX
  8
FILETAGES
 62
7
  6
CONTINUOUS
 10
105.2390382203
 20
157.3690361916
  0
VERTEX
  8
FILETAGES
 62
7
  6
CONTINUOUS
 10
105.116096255
 20
157.3430271165
  0
VERTEX
  8
FILETAGES
 62
7
  6
CONTINUOUS
 10
105.0342891734
 20
157.3249731218
  0
VERTEX
  8
FILETAGES
 62
7
  6
CONTINUOUS
 10
104.902796588
 20
157.294694849
  0
SEQEND
  0
LINE
  8
FILETAGES
 62
7
  6
CONTINUOUS
 10
105.5269124365
 20
157.4544368599
 11
105.4445251031
 21
157.4392488387
  0
POLYLINE
  8
FILETAGES
 62
7
  6
CONTINUOUS
 66
1
 70
0
  0
VERTEX
  8
FILETAGES
 62
7
  6
CONTINUOUS
 10
106.0386978285
 20
157.5058395516
  0
VERTEX
  8
FILETAGES
 62
7
  6
CONTINUOUS
 10
105.9557316076
 20
157.4942223972
  0
VERTEX
  8
FILETAGES
 62
7
  6
CONTINUOUS
 10
105.8728485124
 20
157.4820263273
  0
VERTEX
  8
FILETAGES
 62
7
  6
CONTINUOUS
 10
105.7900525825
 20
157.4692519365
  0
VERTEX
  8
FILETAGES
 62
7
  6
CONTINUOUS
 10
105.7073478532
 20
157.4558998472
  0
VERTEX
  8
FILETAGES
 62
7
  6
CONTINUOUS
 10
105.6247383553
 20
157.4419707102
  0
VERTEX
  8
FILETAGES
 62
7
  6
CONTINUOUS
 10
105.5269124197
 20
157.4247072681
  0
SEQEND
  0
POLYLINE
  8
FILETAGES
 62
7
  6
CONTINUOUS
 66
1
 70
0
  0
VERTEX
  8
FILETAGES
 62
7
  6
CONTINUOUS
 10
106.0386978285
 20
157.5355691404
  0
VERTEX
  8
FILETAGES
 62
7
  6
CONTINUOUS
 10
105.9557316076
 20
157.523951986
  0
VERTEX
  8
FILETAGES
 62
7
  6
CONTINUOUS
 10
105.8728485124
 20
157.5117559161
  0
VERTEX
  8
FILETAGES
 62
7
  6
CONTINUOUS
 10
105.7900525825
 20
157.4989815252
  0
VERTEX
  8
FILETAGES
 62
7
  6
CONTINUOUS
 10
105.7073478532
 20
157.4856294359
  0
VERTEX
  8
FILETAGES
 62
7
  6
CONTINUOUS
 10
105.6247383553
 20
157.471700299
  0
VERTEX
  8
FILETAGES
 62
7
  6
CONTINUOUS
 10
105.5269124197
 20
157.4544368569
  0
SEQEND
  0
LINE
  8
FILETAGES
 62
7
  6
CONTINUOUS
 10
106.1282223875
 20
157.5177135932
 11
106.0386978347
 21
157.5058395525
  0
LINE
  8
FILETAGES
 62
7
  6
CONTINUOUS
 10
106.2113484059
 20
157.5281259934
 11
106.1282223875
 21
157.5177135932
  0
LINE
  8
FILETAGES
 62
7
  6
CONTINUOUS
 10
106.2945450916
 20
157.5379578258
 11
106.2113484059
 21
157.5281259934
  0
POLYLINE
  8
AXES
 62
7
  6
CONTINUOUS
 66
1
 70
0
  0
VERTEX
  8
AXES
 62
7
  6
CONTINUOUS
 10
107.6612721692
 20
155.758778833
  0
VERTEX
  8
AXES
 62
7
  6
CONTINUOUS
 10
106.6764490445
 20
155.7098198858
  0
VERTEX
  8
AXES
 62
7
  6
CONTINUOUS
 10
105.710368949
 20
155.5666350336
  0
VERTEX
  8
AXES
 62
7
  6
CONTINUOUS
 10
104.7585261964
 20
155.3278575155
  0
VERTEX
  8
AXES
 62
7
  6
CONTINUOUS
 10
103.8344378455
 20
154.997587614
  0
VERTEX
  8
AXES
 62
7
  6
CONTINUOUS
 10
102.9474684909
 20
154.5777061124
  0
VERTEX
  8
AXES
 62
7
  6
CONTINUOUS
 10
102.105569839
 20
154.0735047473
  0
VERTEX
  8
AXES
 62
7
  6
CONTINUOUS
 10
101.3175596172
 20
153.4886550729
  0
VERTEX
  8
AXES
 62
7
  6
CONTINUOUS
 10
100.5902043573
 20
152.82989842
  0
VERTEX
  8
AXES
 62
7
  6
CONTINUOUS
 10
99.9314360592
 20
152.1025560176
  0
VERTEX
  8
AXES
 62
7
  6
CONTINUOUS
 10
99.3465760461
 20
151.3145597256
  0
VERTEX
  8
AXES
 62
7
  6
CONTINUOUS
 10
98.8423657681
 20
150.472675956
  0
VERTEX
  8
AXES
 62
7
  6
CONTINUOUS
 10
98.4224768441
 20
149.5857222805
  0
VERTEX
  8
AXES
 62
7
  6
CONTINUOUS
 10
98.0922011042
 20
148.6616502648
  0
VERTEX
  8
AXES
 62
7
  6
CONTINUOUS
 10
97.8534193651
 20
147.709824338
  0
VERTEX
  8
AXES
 62
7
  6
CONTINUOUS
 10
97.709770475
 20
146.7390756456
  0
VERTEX
  8
AXES
 62
7
  6
CONTINUOUS
 10
97.6612721692
 20
145.7589556042
  0
SEQEND
  0
POLYLINE
  8
AXES
 62
7
  6
CONTINUOUS
 66
1
 70
0
  0
VERTEX
  8
AXES
 62
7
  6
CONTINUOUS
 10
107.6612721692
 20
156.4909278219
  0
VERTEX
  8
AXES
 62
7
  6
CONTINUOUS
 10
106.6025873102
 20
156.4382969537
  0
VERTEX
  8
AXES
 62
7
  6
CONTINUOUS
 10
105.5640512075
 20
156.2843732376
  0
VERTEX
  8
AXES
 62
7
  6
CONTINUOUS
 10
104.5408202485
 20
156.0276874056
  0
VERTEX
  8
AXES
 62
7
  6
CONTINUOUS
 10
103.5474252712
 20
155.6726472615
  0
VERTEX
  8
AXES
 62
7
  6
CONTINUOUS
 10
102.593933215
 20
155.2212746473
  0
VERTEX
  8
AXES
 62
7
  6
CONTINUOUS
 10
101.6888921642
 20
154.6792581798
  0
VERTEX
  8
AXES
 62
7
  6
CONTINUOUS
 10
100.8417811758
 20
154.0505447798
  0
VERTEX
  8
AXES
 62
7
  6
CONTINUOUS
 10
100.0598742714
 20
153.3423813779
  0
VERTEX
  8
AXES
 62
7
  6
CONTINUOUS
 10
99.351698351
 20
152.5604882954
  0
VERTEX
  8
AXES
 62
7
  6
CONTINUOUS
 10
98.7229738369
 20
151.7133922814
  0
VERTEX
  8
AXES
 62
7
  6
CONTINUOUS
 10
98.180947788
 20
150.8083672292
  0
VERTEX
  8
AXES
 62
7
  6
CONTINUOUS
 10
97.7295671947
 20
149.8548920279
  0
VERTEX
  8
AXES
 62
7
  6
CONTINUOUS
 10
97.3745207743
 20
148.8615146111
  0
VERTEX
  8
AXES
 62
7
  6
CONTINUOUS
 10
97.1178304048
 20
147.8383017398
  0
VERTEX
  8
AXES
 62
7
  6
CONTINUOUS
 10
96.9634078479
 20
146.7947468954
  0
VERTEX
  8
AXES
 62
7
  6
CONTINUOUS
 10
96.9112721692
 20
145.741117851
  0
SEQEND
  0
POLYLINE
  8
AXES
 62
7
  6
CONTINUOUS
 66
1
 70
0
  0
VERTEX
  8
AXES
 62
7
  6
CONTINUOUS
 10
107.6612721692
 20
158.1160326141
  0
VERTEX
  8
AXES
 62
7
  6
CONTINUOUS
 10
106.5030605431
 20
158.0619185218
  0
VERTEX
  8
AXES
 62
7
  6
CONTINUOUS
 10
105.3644031965
 20
157.9032001225
  0
VERTEX
  8
AXES
 62
7
  6
CONTINUOUS
 10
104.2405780339
 20
157.6385338879
  0
VERTEX
  8
AXES
 62
7
  6
CONTINUOUS
 10
103.1457513418
 20
157.2719504029
  0
VERTEX
  8
AXES
 62
7
  6
CONTINUOUS
 10
102.089694591
 20
156.8052919325
  0
VERTEX
  8
AXES
 62
7
  6
CONTINUOUS
 10
101.0808701332
 20
156.2437799073
  0
VERTEX
  8
AXES
 62
7
  6
CONTINUOUS
 10
100.1285445401
 20
155.5910206957
  0
VERTEX
  8
AXES
 62
7
  6
CONTINUOUS
 10
99.2400766236
 20
154.853701749
  0
VERTEX
  8
AXES
 62
7
  6
CONTINUOUS
 10
98.4239124941
 20
154.0370707282
  0
VERTEX
  8
AXES
 62
7
  6
CONTINUOUS
 10
97.6860568282
 20
153.1490533723
  0
VERTEX
  8
AXES
 62
7
  6
CONTINUOUS
 10
97.0338476528
 20
152.1963599323
  0
VERTEX
  8
AXES
 62
7
  6
CONTINUOUS
 10
96.4717310272
 20
151.1878845332
  0
VERTEX
  8
AXES
 62
7
  6
CONTINUOUS
 10
96.0056870073
 20
150.1315715064
  0
VERTEX
  8
AXES
 62
7
  6
CONTINUOUS
 10
95.6384516295
 20
149.0369804844
  0
VERTEX
  8
AXES
 62
7
  6
CONTINUOUS
 10
95.3744433351
 20
147.913019344
  0
VERTEX
  8
AXES
 62
7
  6
CONTINUOUS
 10
95.2145949655
 20
146.7695876835
  0
VERTEX
  8
AXES
 62
7
  6
CONTINUOUS
 10
95.1612721692
 20
145.6162535782
  0
SEQEND
  0
POLYLINE
  8
FILETAGES
 62
7
  6
CONTINUOUS
 66
1
 70
0
  0
VERTEX
  8
FILETAGES
 62
7
  6
CONTINUOUS
 10
107.3832895808
 20
157.6128213142
  0
VERTEX
  8
FILETAGES
 62
7
  6
CONTINUOUS
 10
107.2158154743
 20
157.6077707625
  0
VERTEX
  8
FILETAGES
 62
7
  6
CONTINUOUS
 10
107.0484282105
 20
157.6003824407
  0
VERTEX
  8
FILETAGES
 62
7
  6
CONTINUOUS
 10
106.8393659646
 20
157.587861787
  0
VERTEX
  8
FILETAGES
 62
7
  6
CONTINUOUS
 10
106.6722933732
 20
157.5752194429
  0
VERTEX
  8
FILETAGES
 62
7
  6
CONTINUOUS
 10
106.5054135852
 20
157.5602456746
  0
VERTEX
  8
FILETAGES
 62
7
  6
CONTINUOUS
 10
106.2945451273
 20
157.5379578299
  0
SEQEND
  0
LINE
  8
FILETAGES
 62
7
  6
CONTINUOUS
 10
107.4518432919
 20
157.6142138268
 11
107.3832895801
 21
157.6128213142
  0
LINE
  8
FILETAGES
 62
7
  6
CONTINUOUS
 10
107.5356107598
 20
157.6153834967
 11
107.4518432919
 21
157.6142138268
  0
POLYLINE
  8
FILETAGES
 62
7
  6
CONTINUOUS
 66
1
 70
0
  0
VERTEX
  8
FILETAGES
 62
7
  6
CONTINUOUS
 10
107.6612721692
 20
157.6457710414
  0
VERTEX
  8
FILETAGES
 62
7
  6
CONTINUOUS
 10
107.4099631306
 20
157.6431392896
  0
VERTEX
  8
FILETAGES
 62
7
  6
CONTINUOUS
 10
107.1587643244
 20
157.6352451887
  0
VERTEX
  8
FILETAGES
 62
7
  6
CONTINUOUS
 10
106.8659853644
 20
157.6193891273
  0
VERTEX
  8
FILETAGES
 62
7
  6
CONTINUOUS
 10
106.6154032562
 20
157.6001082257
  0
VERTEX
  8
FILETAGES
 62
7
  6
CONTINUOUS
 10
106.3236449827
 20
157.5709873933
  0
VERTEX
  8
FILETAGES
 62
7
  6
CONTINUOUS
 10
106.0386977609
 20
157.5355691312
  0
SEQEND
  0
LINE
  8
FILETAGES
 62
7
  6
CONTINUOUS
 10
107.6193843522
 20
157.6159683458
 11
107.5356107598
 21
157.6153834967
  0
LINE
  8
FILETAGES
 62
7
  6
CONTINUOUS
 10
107.6965417884
 20
157.6159896224
 11
107.6193843522
 21
157.6159683458
  0
LINE
  8
FILETAGES
 62
7
  6
CONTINUOUS
 10
107.7803156907
 20
157.6154509752
 11
107.6965417884
 21
157.6159896224
  0
LINE
  8
FILETAGES
 62
7
  6
CONTINUOUS
 10
107.8712585815
 20
157.6142040822
 11
107.780315696
 21
157.6154509752
  0
LINE
  8
FILETAGES
 62
7
  6
CONTINUOUS
 10
107.9350324071
 20
157.612918407
 11
107.8712585815
 21
157.6142040822
  0
POLYLINE
  8
FILETAGES
 62
7
  6
CONTINUOUS
 66
1
 70
0
  0
VERTEX
  8
FILETAGES
 62
7
  6
CONTINUOUS
 10
109.0279992468
 20
157.5379578258
  0
VERTEX
  8
FILETAGES
 62
7
  6
CONTINUOUS
 10
108.8614100966
 20
157.5558778984
  0
VERTEX
  8
FILETAGES
 62
7
  6
CONTINUOUS
 10
108.6945869771
 20
157.5714703177
  0
VERTEX
  8
FILETAGES
 62
7
  6
CONTINUOUS
 10
108.4857786083
 20
157.5876829915
  0
VERTEX
  8
FILETAGES
 62
7
  6
CONTINUOUS
 10
108.3185480276
 20
157.5980277687
  0
VERTEX
  8
FILETAGES
 62
7
  6
CONTINUOUS
 10
108.1511893097
 20
157.6060366752
  0
VERTEX
  8
FILETAGES
 62
7
  6
CONTINUOUS
 10
107.935032414
 20
157.6129184068
  0
SEQEND
  0
LINE
  8
FILETAGES
 62
7
  6
CONTINUOUS
 10
109.1176808698
 20
157.5273348775
 11
109.0279992531
 21
157.537957825
  0
POLYLINE
  8
FILETAGES
 62
7
  6
CONTINUOUS
 66
1
 70
0
  0
VERTEX
  8
FILETAGES
 62
7
  6
CONTINUOUS
 10
109.2838465099
 20
157.5355691404
  0
VERTEX
  8
FILETAGES
 62
7
  6
CONTINUOUS
 10
109.0344895492
 20
157.5669415901
  0
VERTEX
  8
FILETAGES
 62
7
  6
CONTINUOUS
 10
108.78453025
 20
157.5930851136
  0
VERTEX
  8
FILETAGES
 62
7
  6
CONTINUOUS
 10
108.4922960629
 20
157.616961938
  0
VERTEX
  8
FILETAGES
 62
7
  6
CONTINUOUS
 10
108.24140811
 20
157.6317398482
  0
VERTEX
  8
FILETAGES
 62
7
  6
CONTINUOUS
 10
107.9483916143
 20
157.6423357114
  0
VERTEX
  8
FILETAGES
 62
7
  6
CONTINUOUS
 10
107.661272101
 20
157.6457710414
  0
SEQEND
  0
LINE
  8
FILETAGES
 62
7
  6
CONTINUOUS
 10
109.2008012071
 20
157.5168772244
 11
109.1176808698
 21
157.5273348775
  0
LINE
  8
FILETAGES
 62
7
  6
CONTINUOUS
 10
109.2838465099
 20
157.5058395516
 11
109.2008012071
 21
157.5168772244
  0
POLYLINE
  8
FILETAGES
 62
7
  6
CONTINUOUS
 66
1
 70
0
  0
VERTEX
  8
FILETAGES
 62
7
  6
CONTINUOUS
 10
109.6604928628
 20
157.4780652727
  0
VERTEX
  8
FILETAGES
 62
7
  6
CONTINUOUS
 10
109.577839838
 20
157.4917337665
  0
VERTEX
  8
FILETAGES
 62
7
  6
CONTINUOUS
 10
109.4950934023
 20
157.5048249152
  0
VERTEX
  8
FILETAGES
 62
7
  6
CONTINUOUS
 10
109.4536864155
 20
157.5111537846
  0
VERTEX
  8
FILETAGES
 62
7
  6
CONTINUOUS
 10
109.3708074268
 20
157.5233777279
  0
VERTEX
  8
FILETAGES
 62
7
  6
CONTINUOUS
 10
109.2838464903
 20
157.535569143
  0
SEQEND
  0
LINE
  8
FILETAGES
 62
7
  6
CONTINUOUS
 10
109.7543989743
 20
157.4618150929
 11
109.6604928628
 21
157.4780652727
  0
POLYLINE
  8
FILETAGES
 62
7
  6
CONTINUOUS
 66
1
 70
0
  0
VERTEX
  8
FILETAGES
 62
7
  6
CONTINUOUS
 10
109.7956319018
 20
157.4247072711
  0
VERTEX
  8
FILETAGES
 62
7
  6
CONTINUOUS
 10
109.7131405427
 20
157.4393197649
  0
VERTEX
  8
FILETAGES
 62
7
  6
CONTINUOUS
 10
109.6305491785
 20
157.4533560191
  0
VERTEX
  8
FILETAGES
 62
7
  6
CONTINUOUS
 10
109.5478618345
 20
157.4668153497
  0
VERTEX
  8
FILETAGES
 62
7
  6
CONTINUOUS
 10
109.4650825407
 20
157.4796971005
  0
VERTEX
  8
FILETAGES
 62
7
  6
CONTINUOUS
 10
109.3822153318
 20
157.4920006439
  0
VERTEX
  8
FILETAGES
 62
7
  6
CONTINUOUS
 10
109.2838464929
 20
157.5058395539
  0
SEQEND
  0
POLYLINE
  8
FILETAGES
 62
7
  6
CONTINUOUS
 66
1
 70
0
  0
VERTEX
  8
FILETAGES
 62
7
  6
CONTINUOUS
 10
110.0603321353
 20
157.4035179337
  0
VERTEX
  8
FILETAGES
 62
7
  6
CONTINUOUS
 10
109.9781898102
 20
157.4199795769
  0
VERTEX
  8
FILETAGES
 62
7
  6
CONTINUOUS
 10
109.937076051
 20
157.4279952545
  0
VERTEX
  8
FILETAGES
 62
7
  6
CONTINUOUS
 10
109.854765844
 20
157.4435958336
  0
VERTEX
  8
FILETAGES
 62
7
  6
CONTINUOUS
 10
109.7543989743
 20
157.4618150929
  0
SEQEND
  0
LINE
  8
FILETAGES
 62
7
  6
CONTINUOUS
 10
110.1423575336
 20
157.3864832448
 11
110.0603321353
 21
157.4035179337
  0
POLYLINE
  8
FILETAGES
 62
7
  6
CONTINUOUS
 66
1
 70
0
  0
VERTEX
  8
FILETAGES
 62
7
  6
CONTINUOUS
 10
110.4197477444
 20
157.2946948504
  0
VERTEX
  8
FILETAGES
 62
7
  6
CONTINUOUS
 10
110.3381488426
 20
157.3136675506
  0
VERTEX
  8
FILETAGES
 62
7
  6
CONTINUOUS
 10
110.2155071086
 20
157.3410573531
  0
VERTEX
  8
FILETAGES
 62
7
  6
CONTINUOUS
 10
110.1335895096
 20
157.3586030916
  0
VERTEX
  8
FILETAGES
 62
7
  6
CONTINUOUS
 10
110.0104884281
 20
157.383848367
  0
VERTEX
  8
FILETAGES
 62
7
  6
CONTINUOUS
 10
109.9282770848
 20
157.3999617993
  0
VERTEX
  8
FILETAGES
 62
7
  6
CONTINUOUS
 10
109.7956318958
 20
157.4247072722
  0
SEQEND
  0
LINE
  8
FILETAGES
 62
7
  6
CONTINUOUS
 10
110.4720288489
 20
157.2822226862
 11
110.4197477436
 21
157.2946948506
  0
POLYLINE
  8
FILETAGES
 62
7
  6
CONTINUOUS
 66
1
 70
0
  0
VERTEX
  8
FILETAGES
 62
7
  6
CONTINUOUS
 10
110.6628614804
 20
157.2345877601
  0
VERTEX
  8
FILETAGES
 62
7
  6
CONTINUOUS
 10
110.5816762848
 20
157.2552591353
  0
VERTEX
  8
FILETAGES
 62
7
  6
CONTINUOUS
 10
110.5410300633
 20
157.2653821591
  0
VERTEX
  8
FILETAGES
 62
7
  6
CONTINUOUS
 10
110.4720288485
 20
157.2822226863
  0
SEQEND
  0
LINE
  8
FILETAGES
 62
7
  6
CONTINUOUS
 10
110.7439003828
 20
157.2133501236
 11
110.6628614804
 21
157.2345877601
  0
POLYLINE
  8
FILETAGES
 62
7
  6
CONTINUOUS
 66
1
 70
0
  0
VERTEX
  8
FILETAGES
 62
7
  6
CONTINUOUS
 10
110.785653995
 20
157.2319010139
  0
VERTEX
  8
FILETAGES
 62
7
  6
CONTINUOUS
 10
110.7046921179
 20
157.2534304104
  0
VERTEX
  8
FILETAGES
 62
7
  6
CONTINUOUS
 10
110.5829724149
 20
157.2846634401
  0
VERTEX
  8
FILETAGES
 62
7
  6
CONTINUOUS
 10
110.5016471223
 20
157.304776603
  0
VERTEX
  8
FILETAGES
 62
7
  6
CONTINUOUS
 10
110.3794008566
 20
157.3338806115
  0
VERTEX
  8
FILETAGES
 62
7
  6
CONTINUOUS
 10
110.2568565175
 20
157.3617029103
  0
VERTEX
  8
FILETAGES
 62
7
  6
CONTINUOUS
 10
110.1423575499
 20
157.3864832414
  0
SEQEND
  0
LINE
  8
FILETAGES
 62
7
  6
CONTINUOUS
 10
110.8239403882
 20
157.1917791557
 11
110.7439003828
 21
157.2133501236
  0
POLYLINE
  8
FILETAGES
 62
7
  6
CONTINUOUS
 66
1
 70
0
  0
VERTEX
  8
FILETAGES
 62
7
  6
CONTINUOUS
 10
95.8520010166
 20
143.5150316663
  0
VERTEX
  8
FILETAGES
 62
7
  6
CONTINUOUS
 10
95.8992190548
 20
143.268188676
  0
VERTEX
  8
FILETAGES
 62
7
  6
CONTINUOUS
 10
95.9515963184
 20
143.022388665
  0
VERTEX
  8
FILETAGES
 62
7
  6
CONTINUOUS
 10
96.0191930377
 20
142.7370840056
  0
VERTEX
  8
FILETAGES
 62
7
  6
CONTINUOUS
 10
96.0826668025
 20
142.4939129756
  0
VERTEX
  8
FILETAGES
 62
7
  6
CONTINUOUS
 10
96.1631364364
 20
142.2119683524
  0
VERTEX
  8
FILETAGES
 62
7
  6
CONTINUOUS
 10
96.2485939947
 20
141.93784472
  0
SEQEND
  0
POLYLINE
  8
FILETAGES
 62
7
  6
CONTINUOUS
 66
1
 70
0
  0
VERTEX
  8
FILETAGES
 62
7
  6
CONTINUOUS
 10
95.8028427369
 20
143.8081768696
  0
VERTEX
  8
FILETAGES
 62
7
  6
CONTINUOUS
 10
95.8159621494
 20
143.7254363365
  0
VERTEX
  8
FILETAGES
 62
7
  6
CONTINUOUS
 10
95.8227383931
 20
143.6841009199
  0
VERTEX
  8
FILETAGES
 62
7
  6
CONTINUOUS
 10
95.8367235426
 20
143.6015023047
  0
SEQEND
  0
POLYLINE
  8
FILETAGES
 62
7
  6
CONTINUOUS
 66
1
 70
0
  0
VERTEX
  8
FILETAGES
 62
7
  6
CONTINUOUS
 10
95.771013381
 20
143.9971015589
  0
VERTEX
  8
FILETAGES
 62
7
  6
CONTINUOUS
 10
95.820859391
 20
143.6657432004
  0
VERTEX
  8
FILETAGES
 62
7
  6
CONTINUOUS
 10
95.8799381987
 20
143.3359057912
  0
VERTEX
  8
FILETAGES
 62
7
  6
CONTINUOUS
 10
95.9482037362
 20
143.0078465287
  0
VERTEX
  8
FILETAGES
 62
7
  6
CONTINUOUS
 10
96.0256027722
 20
142.6818212235
  0
VERTEX
  8
FILETAGES
 62
7
  6
CONTINUOUS
 10
96.1120749531
 20
142.3580841004
  0
VERTEX
  8
FILETAGES
 62
7
  6
CONTINUOUS
 10
96.2123691043
 20
142.0215127328
  0
SEQEND
  0
LINE
  8
FILETAGES
 62
7
  6
CONTINUOUS
 10
95.771013381
 20
144.0268311476
 11
95.7842474907
 21
143.9324543582
  0
LINE
  8
FILETAGES
 62
7
  6
CONTINUOUS
 10
95.7630505989
 20
144.0864199359
 11
95.7710133806
 21
143.9971015617
  0
LINE
  8
FILETAGES
 62
7
  6
CONTINUOUS
 10
95.7524526408
 20
144.1695210549
 11
95.7630505989
 21
144.0566903471
  0
LINE
  8
FILETAGES
 62
7
  6
CONTINUOUS
 10
95.7473712877
 20
144.2110988529
 11
95.7524526408
 21
144.1397914661
  0
LINE
  8
FILETAGES
 62
7
  6
CONTINUOUS
 10
95.7376441431
 20
144.294306393
 11
95.7473712877
 21
144.1813692641
  0
LINE
  8
FILETAGES
 62
7
  6
CONTINUOUS
 10
95.7329984701
 20
144.3359351211
 11
95.7376441431
 21
144.2645768042
  0
LINE
  8
FILETAGES
 62
7
  6
CONTINUOUS
 10
95.7284981393
 20
144.3775798118
 11
95.7329984701
 21
144.3062055324
  0
LINE
  8
FILETAGES
 62
7
  6
CONTINUOUS
 10
95.7166839227
 20
144.4941304361
 11
95.7284981375
 21
144.3478502397
  0
LINE
  8
FILETAGES
 62
7
  6
CONTINUOUS
 10
95.7052766857
 20
144.6192725313
 11
95.7166839227
 21
144.4644008473
  0
LINE
  8
FILETAGES
 62
7
  6
CONTINUOUS
 10
95.6951805583
 20
144.7445272169
 11
95.7052766857
 21
144.5895429425
  0
LINE
  8
FILETAGES
 62
7
  6
CONTINUOUS
 10
95.6891787536
 20
144.8280861083
 11
95.6951805583
 21
144.7147976282
  0
LINE
  8
FILETAGES
 62
7
  6
CONTINUOUS
 10
95.6812701983
 20
144.9534979156
 11
95.6891787536
 21
144.7983565196
  0
POLYLINE
  8
0
 62
7
  6
CONTINUOUS
 66
1
 70
0
  0
VERTEX
  8
0
 62
7
  6
CONTINUOUS
 10
97.6696138149
 20
145.7594163528
  0
VERTEX
  8
0
 62
7
  6
CONTINUOUS
 10
97.7269903231
 20
144.7206404442
  0
VERTEX
  8
0
 62
7
  6
CONTINUOUS
 10
97.9207021825
 20
143.6046580131
  0
VERTEX
  8
0
 62
7
  6
CONTINUOUS
 10
98.2281782602
 20
142.5331917758
  0
VERTEX
  8
0
 62
7
  6
CONTINUOUS
 10
98.6409742952
 20
141.5321543246
  0
VERTEX
  8
0
 62
7
  6
CONTINUOUS
 10
99.1405732497
 20
140.6067218008
  0
VERTEX
  8
0
 62
7
  6
CONTINUOUS
 10
99.7096281549
 20
139.7721980111
  0
VERTEX
  8
0
 62
7
  6
CONTINUOUS
 10
100.336184543
 20
139.0241125515
  0
VERTEX
  8
0
 62
7
  6
CONTINUOUS
 10
101.0055561604
 20
138.3643744008
  0
VERTEX
  8
0
 62
7
  6
CONTINUOUS
 10
101.7085913951
 20
137.7891492165
  0
VERTEX
  8
0
 62
7
  6
CONTINUOUS
 10
102.4333523783
 20
137.2967733111
  0
VERTEX
  8
0
 62
7
  6
CONTINUOUS
 10
103.1735116266
 20
136.882643699
  0
VERTEX
  8
0
 62
7
  6
CONTINUOUS
 10
103.9192259898
 20
136.5432390229
  0
VERTEX
  8
0
 62
7
  6
CONTINUOUS
 10
104.6691046002
 20
136.2736507113
  0
VERTEX
  8
0
 62
7
  6
CONTINUOUS
 10
105.4183254306
 20
136.0686567148
  0
VERTEX
  8
0
 62
7
  6
CONTINUOUS
 10
106.1673388094
 20
135.9256761105
  0
VERTEX
  8
0
 62
7
  6
CONTINUOUS
 10
106.9148430954
 20
135.8398470918
  0
VERTEX
  8
0
 62
7
  6
CONTINUOUS
 10
107.6612721692
 20
135.8127902608
  0
SEQEND
  0
LINE
  8
FILETAGES
 62
7
  6
CONTINUOUS
 10
95.6767276372
 20
145.0371488247
 11
95.6812701983
 21
144.9237683269
  0
POLYLINE
  8
AXES
 62
7
  6
CONTINUOUS
 66
1
 70
0
  0
VERTEX
  8
AXES
 62
7
  6
CONTINUOUS
 10
95.1674356129
 20
145.6165585577
  0
VERTEX
  8
AXES
 62
7
  6
CONTINUOUS
 10
95.2218950514
 20
144.5159677993
  0
VERTEX
  8
AXES
 62
7
  6
CONTINUOUS
 10
95.4014561641
 20
143.3025319337
  0
VERTEX
  8
AXES
 62
7
  6
CONTINUOUS
 10
95.699933338
 20
142.1127495253
  0
VERTEX
  8
AXES
 62
7
  6
CONTINUOUS
 10
96.1127780128
 20
140.9576595057
  0
VERTEX
  8
AXES
 62
7
  6
CONTINUOUS
 10
96.6376391678
 20
139.8489674112
  0
VERTEX
  8
AXES
 62
7
  6
CONTINUOUS
 10
97.2679020154
 20
138.7966126993
  0
VERTEX
  8
AXES
 62
7
  6
CONTINUOUS
 10
97.9989770318
 20
137.8116173342
  0
VERTEX
  8
AXES
 62
7
  6
CONTINUOUS
 10
98.8224374043
 20
136.9024393313
  0
VERTEX
  8
AXES
 62
7
  6
CONTINUOUS
 10
99.7316314792
 20
136.0789935152
  0
VERTEX
  8
AXES
 62
7
  6
CONTINUOUS
 10
100.7166442564
 20
135.3479314221
  0
VERTEX
  8
AXES
 62
7
  6
CONTINUOUS
 10
101.7690175713
 20
134.7176797158
  0
VERTEX
  8
AXES
 62
7
  6
CONTINUOUS
 10
102.8777292646
 20
134.1928278388
  0
VERTEX
  8
AXES
 62
7
  6
CONTINUOUS
 10
104.0328397032
 20
133.7799904619
  0
VERTEX
  8
AXES
 62
7
  6
CONTINUOUS
 10
105.222643144
 20
133.4815185642
  0
VERTEX
  8
AXES
 62
7
  6
CONTINUOUS
 10
106.4302432633
 20
133.302537499
  0
VERTEX
  8
AXES
 62
7
  6
CONTINUOUS
 10
107.6612721692
 20
133.241338815
  0
SEQEND
  0
POLYLINE
  8
AXES
 62
7
  6
CONTINUOUS
 66
1
 70
0
  0
VERTEX
  8
AXES
 62
7
  6
CONTINUOUS
 10
96.9112721692
 20
145.741117851
  0
VERTEX
  8
AXES
 62
7
  6
CONTINUOUS
 10
96.9634078479
 20
144.6874888065
  0
VERTEX
  8
AXES
 62
7
  6
CONTINUOUS
 10
97.1178304048
 20
143.6439339621
  0
VERTEX
  8
AXES
 62
7
  6
CONTINUOUS
 10
97.3745207743
 20
142.6207210909
  0
VERTEX
  8
AXES
 62
7
  6
CONTINUOUS
 10
97.7295671947
 20
141.627343674
  0
VERTEX
  8
AXES
 62
7
  6
CONTINUOUS
 10
98.180947788
 20
140.6738684728
  0
VERTEX
  8
AXES
 62
7
  6
CONTINUOUS
 10
98.7229738369
 20
139.7688434205
  0
VERTEX
  8
AXES
 62
7
  6
CONTINUOUS
 10
99.351698351
 20
138.9217474066
  0
VERTEX
  8
AXES
 62
7
  6
CONTINUOUS
 10
100.0598742714
 20
138.1398543241
  0
VERTEX
  8
AXES
 62
7
  6
CONTINUOUS
 10
100.8417811758
 20
137.4316909222
  0
VERTEX
  8
AXES
 62
7
  6
CONTINUOUS
 10
101.6888921642
 20
136.8029775221
  0
VERTEX
  8
AXES
 62
7
  6
CONTINUOUS
 10
102.593933215
 20
136.2609610547
  0
VERTEX
  8
AXES
 62
7
  6
CONTINUOUS
 10
103.5474252712
 20
135.8095884405
  0
VERTEX
  8
AXES
 62
7
  6
CONTINUOUS
 10
104.5408202485
 20
135.4545482963
  0
VERTEX
  8
AXES
 62
7
  6
CONTINUOUS
 10
105.5640512075
 20
135.1978624644
  0
VERTEX
  8
AXES
 62
7
  6
CONTINUOUS
 10
106.6025873102
 20
135.0439387483
  0
VERTEX
  8
AXES
 62
7
  6
CONTINUOUS
 10
107.6612721692
 20
134.9913078801
  0
SEQEND
  0
POLYLINE
  8
AXES
 62
7
  6
CONTINUOUS
 66
1
 70
0
  0
VERTEX
  8
AXES
 62
7
  6
CONTINUOUS
 10
97.6612721692
 20
145.7589556042
  0
VERTEX
  8
AXES
 62
7
  6
CONTINUOUS
 10
97.709770475
 20
144.7788355629
  0
VERTEX
  8
AXES
 62
7
  6
CONTINUOUS
 10
97.8534193651
 20
143.8080868704
  0
VERTEX
  8
AXES
 62
7
  6
CONTINUOUS
 10
98.0922011042
 20
142.8562609437
  0
VERTEX
  8
AXES
 62
7
  6
CONTINUOUS
 10
98.4224768441
 20
141.932188928
  0
VERTEX
  8
AXES
 62
7
  6
CONTINUOUS
 10
98.8423657681
 20
141.0452352524
  0
VERTEX
  8
AXES
 62
7
  6
CONTINUOUS
 10
99.3465760461
 20
140.2033514829
  0
VERTEX
  8
AXES
 62
7
  6
CONTINUOUS
 10
99.9314360592
 20
139.4153551908
  0
VERTEX
  8
AXES
 62
7
  6
CONTINUOUS
 10
100.5902043573
 20
138.6880127885
  0
VERTEX
  8
AXES
 62
7
  6
CONTINUOUS
 10
101.3175596172
 20
138.0292561356
  0
VERTEX
  8
AXES
 62
7
  6
CONTINUOUS
 10
102.105569839
 20
137.4444064611
  0
VERTEX
  8
AXES
 62
7
  6
CONTINUOUS
 10
102.9474684909
 20
136.9402050961
  0
VERTEX
  8
AXES
 62
7
  6
CONTINUOUS
 10
103.8344378455
 20
136.5203235945
  0
VERTEX
  8
AXES
 62
7
  6
CONTINUOUS
 10
104.7585261964
 20
136.190053693
  0
VERTEX
  8
AXES
 62
7
  6
CONTINUOUS
 10
105.710368949
 20
135.9512761748
  0
VERTEX
  8
AXES
 62
7
  6
CONTINUOUS
 10
106.6764490445
 20
135.8080913226
  0
VERTEX
  8
AXES
 62
7
  6
CONTINUOUS
 10
107.6612721692
 20
135.7591323755
  0
SEQEND
  0
POLYLINE
  8
AXES
 62
7
  6
CONTINUOUS
 66
1
 70
0
  0
VERTEX
  8
AXES
 62
7
  6
CONTINUOUS
 10
95.1612721692
 20
145.6162535782
  0
VERTEX
  8
AXES
 62
7
  6
CONTINUOUS
 10
95.2145949655
 20
144.4629194729
  0
VERTEX
  8
AXES
 62
7
  6
CONTINUOUS
 10
95.3744433351
 20
143.3194878123
  0
VERTEX
  8
AXES
 62
7
  6
CONTINUOUS
 10
95.6384516295
 20
142.1955266719
  0
VERTEX
  8
AXES
 62
7
  6
CONTINUOUS
 10
96.0056870073
 20
141.1009356499
  0
VERTEX
  8
AXES
 62
7
  6
CONTINUOUS
 10
96.4717310272
 20
140.0446226231
  0
VERTEX
  8
AXES
 62
7
  6
CONTINUOUS
 10
97.0338476528
 20
139.0361472241
  0
VERTEX
  8
AXES
 62
7
  6
CONTINUOUS
 10
97.6860568282
 20
138.083453784
  0
VERTEX
  8
AXES
 62
7
  6
CONTINUOUS
 10
98.4239124941
 20
137.1954364281
  0
VERTEX
  8
AXES
 62
7
  6
CONTINUOUS
 10
99.2400766236
 20
136.3788054073
  0
VERTEX
  8
AXES
 62
7
  6
CONTINUOUS
 10
100.1285445401
 20
135.6414864606
  0
VERTEX
  8
AXES
 62
7
  6
CONTINUOUS
 10
101.0808701332
 20
134.988727249
  0
VERTEX
  8
AXES
 62
7
  6
CONTINUOUS
 10
102.089694591
 20
134.4272152238
  0
VERTEX
  8
AXES
 62
7
  6
CONTINUOUS
 10
103.1457513418
 20
133.9605567535
  0
VERTEX
  8
AXES
 62
7
  6
CONTINUOUS
 10
104.2405780339
 20
133.5939732684
  0
VERTEX
  8
AXES
 62
7
  6
CONTINUOUS
 10
105.3644031965
 20
133.3293070338
  0
VERTEX
  8
AXES
 62
7
  6
CONTINUOUS
 10
106.5030605431
 20
133.1705886345
  0
VERTEX
  8
AXES
 62
7
  6
CONTINUOUS
 10
107.6612721692
 20
133.1164745422
  0
SEQEND
  0
LINE
  8
FILETAGES
 62
7
  6
CONTINUOUS
 10
95.6726451464
 20
145.1236686412
 11
95.6767276376
 21
145.0074192281
  0
LINE
  8
FILETAGES
 62
7
  6
CONTINUOUS
 10
95.6692908227
 20
145.207375616
 11
95.6726451464
 21
145.0939390525
  0
LINE
  8
FILETAGES
 62
7
  6
CONTINUOUS
 10
95.6659507887
 20
145.3109294251
 11
95.6692908227
 21
145.1776460273
  0
LINE
  8
FILETAGES
 62
7
  6
CONTINUOUS
 10
95.6655222459
 20
145.2969102334
 11
95.667832829
 21
145.2195077805
  0
LINE
  8
FILETAGES
 62
7
  6
CONTINUOUS
 10
95.6639039675
 20
145.3946785707
 11
95.6655222459
 21
145.2969102334
  0
LINE
  8
FILETAGES
 62
7
  6
CONTINUOUS
 10
95.6628358268
 20
145.4522720149
 11
95.6644805921
 21
145.3387844202
  0
LINE
  8
FILETAGES
 62
7
  6
CONTINUOUS
 10
95.6617758483
 20
145.5360394621
 11
95.6628358268
 21
145.4225424262
  0
LINE
  8
FILETAGES
 62
7
  6
CONTINUOUS
 10
95.6613090029
 20
145.616251435
 11
95.6617758483
 21
145.5063098734
  0
LINE
  8
AXES
 62
7
  6
CONTINUOUS
 10
94.1612721692
 20
159.1160183933
 11
94.1612721692
 21
159.1826332955
  0
LINE
  8
0
 62
7
  6
CONTINUOUS
 10
94.1612721692
 20
134.1164539208
 11
94.1612721692
 21
159.1160183933
  0
LINE
  8
0
 62
7
  6
CONTINUOUS
 10
94.1612721692
 20
159.2092792564
 11
94.1612721692
 21
187.9606328756
  0
LINE
  8
AXES
 62
7
  6
CONTINUOUS
 10
94.1612721692
 20
187.9606328756
 11
94.1612721692
 21
188.0205862722
  0
LINE
  8
FILETAGES
 62
7
  6
CONTINUOUS
 10
95.6613007084
 20
145.6721540661
 11
95.6613452773
 21
145.5743665016
  0
LINE
  8
FILETAGES
 62
7
  6
CONTINUOUS
 10
95.6614651714
 20
145.7140408835
 11
95.6613090029
 21
145.6459853113
  0
LINE
  8
FILETAGES
 62
7
  6
CONTINUOUS
 10
95.6621542244
 20
145.7914747435
 11
95.6614651714
 21
145.6843112892
  0
LINE
  8
FILETAGES
 62
7
  6
CONTINUOUS
 10
95.6627351965
 20
145.8333578548
 11
95.6621542244
 21
145.7617451548
  0
LINE
  8
FILETAGES
 62
7
  6
CONTINUOUS
 10
95.664335727
 20
145.9171167177
 11
95.6627351965
 21
145.803628266
  0
LINE
  8
FILETAGES
 62
7
  6
CONTINUOUS
 10
95.6665209712
 20
146.0008623659
 11
95.664335727
 21
145.8873871289
  0
LINE
  8
0
 62
7
  6
CONTINUOUS
 10
121.1612721692
 20
159.1160183933
 11
94.1612721692
 21
159.1160183933
  0
LINE
  8
AXES
 62
7
  6
CONTINUOUS
 10
94.1612721692
 20
159.1965869532
 11
86.2559517241
 21
159.1965869532
  0
LINE
  8
AXES
 62
7
  6
CONTINUOUS
 10
94.1612721692
 20
159.2203706242
 11
86.2559517241
 21
159.2203706242
  0
LINE
  8
0
 62
7
  6
CONTINUOUS
 10
121.1612721692
 20
159.2992109412
 11
94.1612721692
 21
159.2992109412
  0
LINE
  8
0
 62
7
  6
CONTINUOUS
 10
121.1612721692
 20
161.2813606667
 11
94.1612721692
 21
161.2813606667
  0
POLYLINE
  8
FILETAGES
 62
7
  6
CONTINUOUS
 66
1
 70
0
  0
VERTEX
  8
FILETAGES
 62
7
  6
CONTINUOUS
 10
111.3046885816
 20
157.0793070574
  0
VERTEX
  8
FILETAGES
 62
7
  6
CONTINUOUS
 10
111.224779373
 20
157.104463624
  0
VERTEX
  8
FILETAGES
 62
7
  6
CONTINUOUS
 10
111.1446964841
 20
157.1290617206
  0
VERTEX
  8
FILETAGES
 62
7
  6
CONTINUOUS
 10
111.0644438179
 20
157.153100148
  0
VERTEX
  8
FILETAGES
 62
7
  6
CONTINUOUS
 10
110.984025286
 20
157.1765777348
  0
VERTEX
  8
FILETAGES
 62
7
  6
CONTINUOUS
 10
110.9034448078
 20
157.1994933367
  0
VERTEX
  8
FILETAGES
 62
7
  6
CONTINUOUS
 10
110.7856540035
 20
157.2319010116
  0
SEQEND
  0
POLYLINE
  8
FILETAGES
 62
7
  6
CONTINUOUS
 66
1
 70
0
  0
VERTEX
  8
FILETAGES
 62
7
  6
CONTINUOUS
 10
111.3046885816
 20
157.0495774686
  0
VERTEX
  8
FILETAGES
 62
7
  6
CONTINUOUS
 10
111.264755931
 20
157.0622254847
  0
VERTEX
  8
FILETAGES
 62
7
  6
CONTINUOUS
 10
111.1847593948
 20
157.0871029679
  0
VERTEX
  8
FILETAGES
 62
7
  6
CONTINUOUS
 10
111.1045911289
 20
157.111421378
  0
VERTEX
  8
FILETAGES
 62
7
  6
CONTINUOUS
 10
111.0242550404
 20
157.1351795299
  0
VERTEX
  8
FILETAGES
 62
7
  6
CONTINUOUS
 10
110.9437550449
 20
157.1583762656
  0
VERTEX
  8
FILETAGES
 62
7
  6
CONTINUOUS
 10
110.823940382
 20
157.1917791574
  0
SEQEND
  0
POLYLINE
  8
FILETAGES
 62
7
  6
CONTINUOUS
 66
1
 70
0
  0
VERTEX
  8
FILETAGES
 62
7
  6
CONTINUOUS
 10
111.4341443398
 20
157.0372450753
  0
VERTEX
  8
FILETAGES
 62
7
  6
CONTINUOUS
 10
111.3943577267
 20
157.0503452246
  0
VERTEX
  8
FILETAGES
 62
7
  6
CONTINUOUS
 10
111.3046885858
 20
157.079307056
  0
SEQEND
  0
POLYLINE
  8
FILETAGES
 62
7
  6
CONTINUOUS
 66
1
 70
0
  0
VERTEX
  8
FILETAGES
 62
7
  6
CONTINUOUS
 10
111.6263972988
 20
156.9717611791
  0
VERTEX
  8
FILETAGES
 62
7
  6
CONTINUOUS
 10
111.5472310694
 20
156.9991662592
  0
VERTEX
  8
FILETAGES
 62
7
  6
CONTINUOUS
 10
111.5075766897
 20
157.0126613799
  0
VERTEX
  8
FILETAGES
 62
7
  6
CONTINUOUS
 10
111.4341443344
 20
157.0372450771
  0
SEQEND
  0
LINE
  8
FILETAGES
 62
7
  6
CONTINUOUS
 10
111.7053702736
 20
156.9438040966
 11
111.6263972988
 21
156.9717611791
  0
LINE
  8
FILETAGES
 62
7
  6
CONTINUOUS
 10
111.7868150179
 20
156.9143196441
 11
111.7053702736
 21
156.9438040966
  0
LINE
  8
FILETAGES
 62
7
  6
CONTINUOUS
 10
111.8653830621
 20
156.8852440634
 11
111.7868150179
 21
156.9143196441
  0
LINE
  8
FILETAGES
 62
7
  6
CONTINUOUS
 10
111.9437462038
 20
156.8556206969
 11
111.8653830621
 21
156.8852440634
  0
POLYLINE
  8
FILETAGES
 62
7
  6
CONTINUOUS
 66
1
 70
0
  0
VERTEX
  8
FILETAGES
 62
7
  6
CONTINUOUS
 10
112.5550467353
 20
156.5728372711
  0
VERTEX
  8
FILETAGES
 62
7
  6
CONTINUOUS
 10
112.3630792577
 20
156.6565751634
  0
VERTEX
  8
FILETAGES
 62
7
  6
CONTINUOUS
 10
112.1696795641
 20
156.7369500667
  0
VERTEX
  8
FILETAGES
 62
7
  6
CONTINUOUS
 10
111.9749065659
 20
156.8139374981
  0
VERTEX
  8
FILETAGES
 62
7
  6
CONTINUOUS
 10
111.7394497708
 20
156.9018180068
  0
VERTEX
  8
FILETAGES
 62
7
  6
CONTINUOUS
 10
111.5418649055
 20
156.9712719155
  0
VERTEX
  8
FILETAGES
 62
7
  6
CONTINUOUS
 10
111.3046885569
 20
157.0495774765
  0
SEQEND
  0
POLYLINE
  8
FILETAGES
 62
7
  6
CONTINUOUS
 66
1
 70
0
  0
VERTEX
  8
FILETAGES
 62
7
  6
CONTINUOUS
 10
112.5550467353
 20
156.6025668599
  0
VERTEX
  8
FILETAGES
 62
7
  6
CONTINUOUS
 10
112.4784353626
 20
156.6364639659
  0
VERTEX
  8
FILETAGES
 62
7
  6
CONTINUOUS
 10
112.3630792577
 20
156.6863047521
  0
VERTEX
  8
FILETAGES
 62
7
  6
CONTINUOUS
 10
112.2858879567
 20
156.7188596662
  0
VERTEX
  8
FILETAGES
 62
7
  6
CONTINUOUS
 10
112.1696795641
 20
156.7666796554
  0
VERTEX
  8
FILETAGES
 62
7
  6
CONTINUOUS
 10
112.0529767738
 20
156.813280135
  0
VERTEX
  8
FILETAGES
 62
7
  6
CONTINUOUS
 10
111.9437462194
 20
156.8556206909
  0
SEQEND
  0
POLYLINE
  8
FILETAGES
 62
7
  6
CONTINUOUS
 66
1
 70
0
  0
VERTEX
  8
FILETAGES
 62
7
  6
CONTINUOUS
 10
112.7999162971
 20
156.4601541265
  0
VERTEX
  8
FILETAGES
 62
7
  6
CONTINUOUS
 10
112.7240856414
 20
156.4957634464
  0
VERTEX
  8
FILETAGES
 62
7
  6
CONTINUOUS
 10
112.6860775491
 20
156.5133693693
  0
VERTEX
  8
FILETAGES
 62
7
  6
CONTINUOUS
 10
112.6098781515
 20
156.5481826685
  0
VERTEX
  8
FILETAGES
 62
7
  6
CONTINUOUS
 10
112.5550467379
 20
156.57283727
  0
SEQEND
  0
POLYLINE
  8
FILETAGES
 62
7
  6
CONTINUOUS
 66
1
 70
0
  0
VERTEX
  8
FILETAGES
 62
7
  6
CONTINUOUS
 10
112.7999162971
 20
156.4898837153
  0
VERTEX
  8
FILETAGES
 62
7
  6
CONTINUOUS
 10
112.7240856414
 20
156.5254930352
  0
VERTEX
  8
FILETAGES
 62
7
  6
CONTINUOUS
 10
112.6860775491
 20
156.5430989581
  0
VERTEX
  8
FILETAGES
 62
7
  6
CONTINUOUS
 10
112.6098781515
 20
156.5779122573
  0
VERTEX
  8
FILETAGES
 62
7
  6
CONTINUOUS
 10
112.5550467379
 20
156.6025668587
  0
SEQEND
  0
LINE
  8
FILETAGES
 62
7
  6
CONTINUOUS
 10
112.8754965026
 20
156.4240162903
 11
112.7999162971
 21
156.4601541265
  0
LINE
  8
FILETAGES
 62
7
  6
CONTINUOUS
 10
112.8754965026
 20
156.453745879
 11
112.7999162971
 21
156.4898837153
  0
LINE
  8
FILETAGES
 62
7
  6
CONTINUOUS
 10
112.9695504581
 20
156.3781347723
 11
112.8754965043
 21
156.4240162895
  0
LINE
  8
FILETAGES
 62
7
  6
CONTINUOUS
 10
113.0445539211
 20
156.3408146955
 11
112.9695504581
 21
156.3781347723
  0
POLYLINE
  8
FILETAGES
 62
7
  6
CONTINUOUS
 66
1
 70
0
  0
VERTEX
  8
FILETAGES
 62
7
  6
CONTINUOUS
 10
113.2262017766
 20
156.2476957359
  0
VERTEX
  8
FILETAGES
 62
7
  6
CONTINUOUS
 10
113.1518439861
 20
156.2862861905
  0
VERTEX
  8
FILETAGES
 62
7
  6
CONTINUOUS
 10
113.1145645128
 20
156.3053865185
  0
VERTEX
  8
FILETAGES
 62
7
  6
CONTINUOUS
 10
113.0445539242
 20
156.3408146939
  0
SEQEND
  0
POLYLINE
  8
FILETAGES
 62
7
  6
CONTINUOUS
 66
1
 70
0
  0
VERTEX
  8
FILETAGES
 62
7
  6
CONTINUOUS
 10
113.3372287831
 20
156.2185686846
  0
VERTEX
  8
FILETAGES
 62
7
  6
CONTINUOUS
 10
113.2632791878
 20
156.2579356683
  0
VERTEX
  8
FILETAGES
 62
7
  6
CONTINUOUS
 10
113.1890565585
 20
156.2967854403
  0
VERTEX
  8
FILETAGES
 62
7
  6
CONTINUOUS
 10
113.1145645128
 20
156.3351161073
  0
VERTEX
  8
FILETAGES
 62
7
  6
CONTINUOUS
 10
113.0398066814
 20
156.372925801
  0
VERTEX
  8
FILETAGES
 62
7
  6
CONTINUOUS
 10
112.9647867077
 20
156.4102126787
  0
VERTEX
  8
FILETAGES
 62
7
  6
CONTINUOUS
 10
112.8754964872
 20
156.4537458865
  0
SEQEND
  0
POLYLINE
  8
FILETAGES
 62
7
  6
CONTINUOUS
 66
1
 70
0
  0
VERTEX
  8
FILETAGES
 62
7
  6
CONTINUOUS
 10
113.3372287831
 20
156.1888390959
  0
VERTEX
  8
FILETAGES
 62
7
  6
CONTINUOUS
 10
113.3002883403
 20
156.2085871198
  0
VERTEX
  8
FILETAGES
 62
7
  6
CONTINUOUS
 10
113.2262017766
 20
156.2476957359
  0
SEQEND
  0
POLYLINE
  8
FILETAGES
 62
7
  6
CONTINUOUS
 66
1
 70
0
  0
VERTEX
  8
FILETAGES
 62
7
  6
CONTINUOUS
 10
114.0315533413
 20
155.7856125305
  0
VERTEX
  8
FILETAGES
 62
7
  6
CONTINUOUS
 10
113.9247108407
 20
155.8517619681
  0
VERTEX
  8
FILETAGES
 62
7
  6
CONTINUOUS
 10
113.8171814834
 20
155.9167889668
  0
VERTEX
  8
FILETAGES
 62
7
  6
CONTINUOUS
 10
113.7089770614
 20
155.9806863958
  0
VERTEX
  8
FILETAGES
 62
7
  6
CONTINUOUS
 10
113.6001094403
 20
156.0434472479
  0
VERTEX
  8
FILETAGES
 62
7
  6
CONTINUOUS
 10
113.4905905588
 20
156.1050646407
  0
VERTEX
  8
FILETAGES
 62
7
  6
CONTINUOUS
 10
113.3372288206
 20
156.1888390757
  0
SEQEND
  0
LINE
  8
FILETAGES
 62
7
  6
CONTINUOUS
 10
95.6693950374
 20
146.0874307483
 11
95.6665209712
 21
145.9711327771
  0
LINE
  8
FILETAGES
 62
7
  6
CONTINUOUS
 10
95.672769186
 20
146.1711369263
 11
95.6693950374
 21
146.0577011595
  0
LINE
  8
FILETAGES
 62
7
  6
CONTINUOUS
 10
95.6767276372
 20
146.2548175091
 11
95.672769186
 21
146.1414073376
  0
POLYLINE
  8
0
 62
7
  6
CONTINUOUS
 66
1
 70
0
  0
VERTEX
  8
0
 62
7
  6
CONTINUOUS
 10
96.6635559137
 20
174.3710022905
  0
VERTEX
  8
0
 62
7
  6
CONTINUOUS
 10
96.7324594449
 20
175.6287184393
  0
VERTEX
  8
0
 62
7
  6
CONTINUOUS
 10
96.9440959994
 20
176.8563951225
  0
VERTEX
  8
0
 62
7
  6
CONTINUOUS
 10
97.281483135
 20
178.0366043273
  0
VERTEX
  8
0
 62
7
  6
CONTINUOUS
 10
97.7364991084
 20
179.1426138873
  0
VERTEX
  8
0
 62
7
  6
CONTINUOUS
 10
98.2881589032
 20
180.1663732827
  0
VERTEX
  8
0
 62
7
  6
CONTINUOUS
 10
98.9175874555
 20
181.0894360555
  0
VERTEX
  8
0
 62
7
  6
CONTINUOUS
 10
99.6103331637
 20
181.9162578537
  0
VERTEX
  8
0
 62
7
  6
CONTINUOUS
 10
100.3489043095
 20
182.6433538929
  0
VERTEX
  8
0
 62
7
  6
CONTINUOUS
 10
101.1235461791
 20
183.2760990123
  0
VERTEX
  8
0
 62
7
  6
CONTINUOUS
 10
101.9208588041
 20
183.8169021747
  0
VERTEX
  8
0
 62
7
  6
CONTINUOUS
 10
102.734286231
 20
184.2711762251
  0
VERTEX
  8
0
 62
7
  6
CONTINUOUS
 10
103.5532205652
 20
184.6433295301
  0
VERTEX
  8
0
 62
7
  6
CONTINUOUS
 10
104.376417662
 20
184.9387844885
  0
VERTEX
  8
0
 62
7
  6
CONTINUOUS
 10
105.1989711813
 20
185.1635202443
  0
VERTEX
  8
0
 62
7
  6
CONTINUOUS
 10
106.0212598159
 20
185.3202749291
  0
VERTEX
  8
0
 62
7
  6
CONTINUOUS
 10
106.8418697176
 20
185.4143711198
  0
VERTEX
  8
0
 62
7
  6
CONTINUOUS
 10
107.6612721692
 20
185.4440346242
  0
SEQEND
  0
LINE
  8
FILETAGES
 62
7
  6
CONTINUOUS
 10
95.6832425139
 20
146.3717840714
 11
95.676727637
 21
146.2250879163
  0
LINE
  8
FILETAGES
 62
7
  6
CONTINUOUS
 10
95.6859126566
 20
146.3848520816
 11
95.6817047107
 21
146.3162151392
  0
LINE
  8
FILETAGES
 62
7
  6
CONTINUOUS
 10
95.6945440265
 20
146.5092201883
 11
95.6832425139
 21
146.3717840714
  0
LINE
  8
FILETAGES
 62
7
  6
CONTINUOUS
 10
95.7010697897
 20
146.6224693834
 11
95.6914998416
 21
146.4971733987
  0
LINE
  8
FILETAGES
 62
7
  6
CONTINUOUS
 10
95.7081784764
 20
146.7059413971
 11
95.7010697897
 21
146.5927397946
  0
LINE
  8
FILETAGES
 62
7
  6
CONTINUOUS
 10
95.7199337221
 20
146.8310512829
 11
95.7081784764
 21
146.6762118083
  0
LINE
  8
FILETAGES
 62
7
  6
CONTINUOUS
 10
95.7284981393
 20
146.914386522
 11
95.71586974
 21
146.7596321612
  0
LINE
  8
FILETAGES
 62
7
  6
CONTINUOUS
 10
95.7350026349
 20
146.9741520671
 11
95.7241432056
 21
146.8429967875
  0
LINE
  8
FILETAGES
 62
7
  6
CONTINUOUS
 10
95.7445657264
 20
147.0573786208
 11
95.7350026349
 21
146.9444224783
  0
LINE
  8
FILETAGES
 62
7
  6
CONTINUOUS
 10
95.7495651036
 20
147.0989663549
 11
95.7445657264
 21
147.027649032
  0
LINE
  8
FILETAGES
 62
7
  6
CONTINUOUS
 10
95.7599992167
 20
147.1820882044
 11
95.7495651036
 21
147.0692367662
  0
LINE
  8
FILETAGES
 62
7
  6
CONTINUOUS
 10
95.771013381
 20
147.2651351862
 11
95.7599992167
 21
147.1523586156
  0
POLYLINE
  8
AXES
 62
7
  6
CONTINUOUS
 66
1
 70
0
  0
VERTEX
  8
AXES
 62
7
  6
CONTINUOUS
 10
107.6612721692
 20
163.4310961031
  0
VERTEX
  8
AXES
 62
7
  6
CONTINUOUS
 10
108.3792434609
 20
163.4543706654
  0
VERTEX
  8
AXES
 62
7
  6
CONTINUOUS
 10
109.1053550152
 20
163.5255189535
  0
VERTEX
  8
AXES
 62
7
  6
CONTINUOUS
 10
109.8412254581
 20
163.6474707525
  0
VERTEX
  8
AXES
 62
7
  6
CONTINUOUS
 10
110.5680564585
 20
163.8188873569
  0
VERTEX
  8
AXES
 62
7
  6
CONTINUOUS
 10
111.2688345983
 20
164.0344484264
  0
VERTEX
  8
AXES
 62
7
  6
CONTINUOUS
 10
111.9432060109
 20
164.2914806756
  0
VERTEX
  8
AXES
 62
7
  6
CONTINUOUS
 10
112.5882191267
 20
164.5863914015
  0
VERTEX
  8
AXES
 62
7
  6
CONTINUOUS
 10
113.197690939
 20
164.9132170142
  0
VERTEX
  8
AXES
 62
7
  6
CONTINUOUS
 10
113.7681591443
 20
165.2660462421
  0
VERTEX
  8
AXES
 62
7
  6
CONTINUOUS
 10
114.2938093193
 20
165.636115888
  0
VERTEX
  8
AXES
 62
7
  6
CONTINUOUS
 10
114.7724716403
 20
166.0155200112
  0
VERTEX
  8
AXES
 62
7
  6
CONTINUOUS
 10
115.1972387745
 20
166.3907880667
  0
VERTEX
  8
AXES
 62
7
  6
CONTINUOUS
 10
115.5626395947
 20
166.7467764215
  0
VERTEX
  8
AXES
 62
7
  6
CONTINUOUS
 10
115.872097048
 20
167.0756145554
  0
VERTEX
  8
AXES
 62
7
  6
CONTINUOUS
 10
116.1275164281
 20
167.3683732455
  0
VERTEX
  8
AXES
 62
7
  6
CONTINUOUS
 10
116.33045854
 20
167.6162453371
  0
VERTEX
  8
AXES
 62
7
  6
CONTINUOUS
 10
116.4808498305
 20
167.809153365
  0
VERTEX
  8
AXES
 62
7
  6
CONTINUOUS
 10
116.6439772089
 20
168.0257970588
  0
SEQEND
  0
POLYLINE
  8
AXES
 62
7
  6
CONTINUOUS
 66
1
 70
0
  0
VERTEX
  8
AXES
 62
7
  6
CONTINUOUS
 10
107.6612721692
 20
163.3111893098
  0
VERTEX
  8
AXES
 62
7
  6
CONTINUOUS
 10
106.9434167342
 20
163.3348181618
  0
VERTEX
  8
AXES
 62
7
  6
CONTINUOUS
 10
106.2174250796
 20
163.4071342751
  0
VERTEX
  8
AXES
 62
7
  6
CONTINUOUS
 10
105.4816778793
 20
163.5310768558
  0
VERTEX
  8
AXES
 62
7
  6
CONTINUOUS
 10
104.7549682302
 20
163.7052740214
  0
VERTEX
  8
AXES
 62
7
  6
CONTINUOUS
 10
104.0542998675
 20
163.9243896951
  0
VERTEX
  8
AXES
 62
7
  6
CONTINUOUS
 10
103.3800407841
 20
164.1857149645
  0
VERTEX
  8
AXES
 62
7
  6
CONTINUOUS
 10
102.7351957693
 20
164.4856089127
  0
VERTEX
  8
AXES
 62
7
  6
CONTINUOUS
 10
102.1258154139
 20
164.8181167416
  0
VERTEX
  8
AXES
 62
7
  6
CONTINUOUS
 10
101.5552331047
 20
165.1773968065
  0
VERTEX
  8
AXES
 62
7
  6
CONTINUOUS
 10
101.029378118
 20
165.5545743558
  0
VERTEX
  8
AXES
 62
7
  6
CONTINUOUS
 10
100.550463325
 20
165.9416983911
  0
VERTEX
  8
AXES
 62
7
  6
CONTINUOUS
 10
100.1254520451
 20
166.3250959702
  0
VERTEX
  8
AXES
 62
7
  6
CONTINUOUS
 10
99.7598641065
 20
166.6894051156
  0
VERTEX
  8
AXES
 62
7
  6
CONTINUOUS
 10
99.4502871936
 20
167.0266956839
  0
VERTEX
  8
AXES
 62
7
  6
CONTINUOUS
 10
99.1948541739
 20
167.3279228204
  0
VERTEX
  8
AXES
 62
7
  6
CONTINUOUS
 10
98.991946027
 20
167.5842168526
  0
VERTEX
  8
AXES
 62
7
  6
CONTINUOUS
 10
98.8416083196
 20
167.7854229798
  0
VERTEX
  8
AXES
 62
7
  6
CONTINUOUS
 10
98.7381520836
 20
167.9306540083
  0
VERTEX
  8
AXES
 62
7
  6
CONTINUOUS
 10
98.6785592497
 20
168.0181034924
  0
VERTEX
  8
AXES
 62
7
  6
CONTINUOUS
 10
98.6612721692
 20
168.0464836475
  0
SEQEND
  0
POLYLINE
  8
0
 62
7
  6
CONTINUOUS
 66
1
 70
0
  0
VERTEX
  8
0
 62
7
  6
CONTINUOUS
 10
107.6612721692
 20
163.2979700121
  0
VERTEX
  8
0
 62
7
  6
CONTINUOUS
 10
106.842011987
 20
163.3276445751
  0
VERTEX
  8
0
 62
7
  6
CONTINUOUS
 10
106.0217163515
 20
163.4216604249
  0
VERTEX
  8
0
 62
7
  6
CONTINUOUS
 10
105.1999782256
 20
163.578237628
  0
VERTEX
  8
0
 62
7
  6
CONTINUOUS
 10
104.3780187202
 20
163.8027159848
  0
VERTEX
  8
0
 62
7
  6
CONTINUOUS
 10
103.5553731407
 20
164.0977676979
  0
VERTEX
  8
0
 62
7
  6
CONTINUOUS
 10
102.7366918668
 20
164.4696156271
  0
VERTEX
  8
0
 62
7
  6
CONTINUOUS
 10
101.9228819031
 20
164.9238398329
  0
VERTEX
  8
0
 62
7
  6
CONTINUOUS
 10
101.1247086812
 20
165.4650409152
  0
VERTEX
  8
0
 62
7
  6
CONTINUOUS
 10
100.3485281381
 20
166.0990994293
  0
VERTEX
  8
0
 62
7
  6
CONTINUOUS
 10
99.6084757626
 20
166.82775557
  0
VERTEX
  8
0
 62
7
  6
CONTINUOUS
 10
98.9150868582
 20
167.6558944417
  0
SEQEND
  0
POLYLINE
  8
AXES
 62
7
  6
CONTINUOUS
 66
1
 70
0
  0
VERTEX
  8
AXES
 62
7
  6
CONTINUOUS
 10
107.6612721692
 20
163.8841810013
  0
VERTEX
  8
AXES
 62
7
  6
CONTINUOUS
 10
106.577966732
 20
163.9380356002
  0
VERTEX
  8
AXES
 62
7
  6
CONTINUOUS
 10
105.515278627
 20
164.0955382271
  0
VERTEX
  8
AXES
 62
7
  6
CONTINUOUS
 10
104.4682515991
 20
164.3581923122
  0
VERTEX
  8
AXES
 62
7
  6
CONTINUOUS
 10
103.4517544132
 20
164.7214875651
  0
VERTEX
  8
AXES
 62
7
  6
CONTINUOUS
 10
102.4760881231
 20
165.1833551334
  0
VERTEX
  8
AXES
 62
7
  6
CONTINUOUS
 10
101.549999606
 20
165.7379741331
  0
VERTEX
  8
AXES
 62
7
  6
CONTINUOUS
 10
100.683188362
 20
166.381305873
  0
VERTEX
  8
AXES
 62
7
  6
CONTINUOUS
 10
99.8830975761
 20
167.1059349225
  0
VERTEX
  8
AXES
 62
7
  6
CONTINUOUS
 10
99.1584524483
 20
167.906007956
  0
SEQEND
  0
POLYLINE
  8
FILETAGES
 62
7
  6
CONTINUOUS
 66
1
 70
0
  0
VERTEX
  8
FILETAGES
 62
7
  6
CONTINUOUS
 10
114.7146951967
 20
155.3540154863
  0
VERTEX
  8
FILETAGES
 62
7
  6
CONTINUOUS
 10
114.5098349814
 20
155.4995994898
  0
VERTEX
  8
FILETAGES
 62
7
  6
CONTINUOUS
 10
114.3019707601
 20
155.6408613716
  0
VERTEX
  8
FILETAGES
 62
7
  6
CONTINUOUS
 10
114.055787482
 20
155.8001216613
  0
VERTEX
  8
FILETAGES
 62
7
  6
CONTINUOUS
 10
113.8417290681
 20
155.9318089483
  0
VERTEX
  8
FILETAGES
 62
7
  6
CONTINUOUS
 10
113.5885745682
 20
156.0797378789
  0
VERTEX
  8
FILETAGES
 62
7
  6
CONTINUOUS
 10
113.3372287231
 20
156.2185687168
  0
SEQEND
  0
POLYLINE
  8
FILETAGES
 62
7
  6
CONTINUOUS
 66
1
 70
0
  0
VERTEX
  8
FILETAGES
 62
7
  6
CONTINUOUS
 10
114.7146951967
 20
155.3242858975
  0
VERTEX
  8
FILETAGES
 62
7
  6
CONTINUOUS
 10
114.6126462373
 20
155.3976142175
  0
VERTEX
  8
FILETAGES
 62
7
  6
CONTINUOUS
 10
114.5098349814
 20
155.4698699011
  0
VERTEX
  8
FILETAGES
 62
7
  6
CONTINUOUS
 10
114.4062727034
 20
155.5410450246
  0
VERTEX
  8
FILETAGES
 62
7
  6
CONTINUOUS
 10
114.2670410502
 20
155.6342508448
  0
VERTEX
  8
FILETAGES
 62
7
  6
CONTINUOUS
 10
114.1617706926
 20
155.7028745145
  0
VERTEX
  8
FILETAGES
 62
7
  6
CONTINUOUS
 10
114.0315533232
 20
155.7856125418
  0
SEQEND
  0
POLYLINE
  8
FILETAGES
 62
7
  6
CONTINUOUS
 66
1
 70
0
  0
VERTEX
  8
FILETAGES
 62
7
  6
CONTINUOUS
 10
114.8106563486
 20
155.2538374018
  0
VERTEX
  8
FILETAGES
 62
7
  6
CONTINUOUS
 10
114.7769707518
 20
155.2787342532
  0
VERTEX
  8
FILETAGES
 62
7
  6
CONTINUOUS
 10
114.7146951941
 20
155.3242858994
  0
SEQEND
  0
POLYLINE
  8
FILETAGES
 62
7
  6
CONTINUOUS
 66
1
 70
0
  0
VERTEX
  8
FILETAGES
 62
7
  6
CONTINUOUS
 10
115.9626092157
 20
154.2814222777
  0
VERTEX
  8
FILETAGES
 62
7
  6
CONTINUOUS
 10
115.7793157861
 20
154.4533688758
  0
VERTEX
  8
FILETAGES
 62
7
  6
CONTINUOUS
 10
115.5924615143
 20
154.6214392231
  0
VERTEX
  8
FILETAGES
 62
7
  6
CONTINUOUS
 10
115.4021283607
 20
154.7855595984
  0
VERTEX
  8
FILETAGES
 62
7
  6
CONTINUOUS
 10
115.2083998118
 20
154.945658013
  0
VERTEX
  8
FILETAGES
 62
7
  6
CONTINUOUS
 10
115.0113608432
 20
155.1016642425
  0
VERTEX
  8
FILETAGES
 62
7
  6
CONTINUOUS
 10
114.8106563593
 20
155.2538373939
  0
SEQEND
  0
POLYLINE
  8
FILETAGES
 62
7
  6
CONTINUOUS
 66
1
 70
0
  0
VERTEX
  8
FILETAGES
 62
7
  6
CONTINUOUS
 10
115.9626092157
 20
154.3111518664
  0
VERTEX
  8
FILETAGES
 62
7
  6
CONTINUOUS
 10
115.7793157861
 20
154.4830984646
  0
VERTEX
  8
FILETAGES
 62
7
  6
CONTINUOUS
 10
115.5924615143
 20
154.6511688119
  0
VERTEX
  8
FILETAGES
 62
7
  6
CONTINUOUS
 10
115.3700737839
 20
154.8422534776
  0
VERTEX
  8
FILETAGES
 62
7
  6
CONTINUOUS
 10
115.1757875576
 20
155.00167469
  0
VERTEX
  8
FILETAGES
 62
7
  6
CONTINUOUS
 10
114.9449604352
 20
155.1824746537
  0
VERTEX
  8
FILETAGES
 62
7
  6
CONTINUOUS
 10
114.7146951416
 20
155.3540155263
  0
SEQEND
  0
POLYLINE
  8
FILETAGES
 62
7
  6
CONTINUOUS
 66
1
 70
0
  0
VERTEX
  8
FILETAGES
 62
7
  6
CONTINUOUS
 10
116.2335219932
 20
154.0432470021
  0
VERTEX
  8
FILETAGES
 62
7
  6
CONTINUOUS
 10
116.1746885726
 20
154.1028864162
  0
VERTEX
  8
FILETAGES
 62
7
  6
CONTINUOUS
 10
116.11544022
 20
154.1621136527
  0
VERTEX
  8
FILETAGES
 62
7
  6
CONTINUOUS
 10
116.0856613459
 20
154.1915718016
  0
VERTEX
  8
FILETAGES
 62
7
  6
CONTINUOUS
 10
116.0257960162
 20
154.2501753656
  0
VERTEX
  8
FILETAGES
 62
7
  6
CONTINUOUS
 10
115.9626092014
 20
154.3111518801
  0
SEQEND
  0
LINE
  8
FILETAGES
 62
7
  6
CONTINUOUS
 10
116.2999418484
 20
153.9749046788
 11
116.2335219932
 21
154.0432470021
  0
POLYLINE
  8
FILETAGES
 62
7
  6
CONTINUOUS
 66
1
 70
0
  0
VERTEX
  8
FILETAGES
 62
7
  6
CONTINUOUS
 10
116.3289630943
 20
153.9149702959
  0
VERTEX
  8
FILETAGES
 62
7
  6
CONTINUOUS
 10
116.2708153431
 20
153.9752783989
  0
VERTEX
  8
FILETAGES
 62
7
  6
CONTINUOUS
 10
116.2122479749
 20
154.0351790948
  0
VERTEX
  8
FILETAGES
 62
7
  6
CONTINUOUS
 10
116.1532638442
 20
154.0946694641
  0
VERTEX
  8
FILETAGES
 62
7
  6
CONTINUOUS
 10
116.0938658258
 20
154.1537466075
  0
VERTEX
  8
FILETAGES
 62
7
  6
CONTINUOUS
 10
116.0340568147
 20
154.2124076454
  0
VERTEX
  8
FILETAGES
 62
7
  6
CONTINUOUS
 10
115.9626092033
 20
154.2814222895
  0
SEQEND
  0
POLYLINE
  8
AXES
 62
7
  6
CONTINUOUS
 66
1
 70
0
  0
VERTEX
  8
AXES
 62
7
  6
CONTINUOUS
 10
98.6612721692
 20
168.0464836475
  0
VERTEX
  8
AXES
 62
7
  6
CONTINUOUS
 10
98.6787068229
 20
168.0256010699
  0
VERTEX
  8
AXES
 62
7
  6
CONTINUOUS
 10
98.840939233
 20
167.8101442797
  0
SEQEND
  0
POLYLINE
  8
AXES
 62
7
  6
CONTINUOUS
 66
1
 70
0
  0
VERTEX
  8
AXES
 62
7
  6
CONTINUOUS
 10
98.840939233
 20
167.8101442797
  0
VERTEX
  8
AXES
 62
7
  6
CONTINUOUS
 10
98.9902587257
 20
167.6185415369
  0
VERTEX
  8
AXES
 62
7
  6
CONTINUOUS
 10
99.191499599
 20
167.3725645643
  0
VERTEX
  8
AXES
 62
7
  6
CONTINUOUS
 10
99.4450956346
 20
167.0815422042
  0
VERTEX
  8
AXES
 62
7
  6
CONTINUOUS
 10
99.7532316801
 20
166.7535896948
  0
VERTEX
  8
AXES
 62
7
  6
CONTINUOUS
 10
100.1176546423
 20
166.3979119878
  0
VERTEX
  8
AXES
 62
7
  6
CONTINUOUS
 10
100.5417373013
 20
166.0225184253
  0
VERTEX
  8
AXES
 62
7
  6
CONTINUOUS
 10
101.0203812597
 20
165.6423750284
  0
VERTEX
  8
AXES
 62
7
  6
CONTINUOUS
 10
101.5472700865
 20
165.2707551463
  0
VERTEX
  8
AXES
 62
7
  6
CONTINUOUS
 10
102.1197397089
 20
164.9161707353
  0
VERTEX
  8
AXES
 62
7
  6
CONTINUOUS
 10
102.7316339532
 20
164.5877280781
  0
VERTEX
  8
AXES
 62
7
  6
CONTINUOUS
 10
103.3792186244
 20
164.2915308304
  0
VERTEX
  8
AXES
 62
7
  6
CONTINUOUS
 10
104.0559851985
 20
164.0336650998
  0
VERTEX
  8
AXES
 62
7
  6
CONTINUOUS
 10
104.758539461
 20
163.8177873132
  0
VERTEX
  8
AXES
 62
7
  6
CONTINUOUS
 10
105.4858583883
 20
163.6465615614
  0
VERTEX
  8
AXES
 62
7
  6
CONTINUOUS
 10
106.2211727044
 20
163.5249965082
  0
VERTEX
  8
AXES
 62
7
  6
CONTINUOUS
 10
106.9457840484
 20
163.454210608
  0
VERTEX
  8
AXES
 62
7
  6
CONTINUOUS
 10
107.6612721692
 20
163.4310961031
  0
SEQEND
  0
POLYLINE
  8
AXES
 62
7
  6
CONTINUOUS
 66
1
 70
0
  0
VERTEX
  8
AXES
 62
7
  6
CONTINUOUS
 10
99.1584524483
 20
167.906007956
  0
VERTEX
  8
AXES
 62
7
  6
CONTINUOUS
 10
98.5151064338
 20
168.7727999672
  0
VERTEX
  8
AXES
 62
7
  6
CONTINUOUS
 10
97.960475128
 20
169.6988679362
  0
VERTEX
  8
AXES
 62
7
  6
CONTINUOUS
 10
97.4985973115
 20
170.6745125783
  0
VERTEX
  8
AXES
 62
7
  6
CONTINUOUS
 10
97.1352939977
 20
171.6909872103
  0
VERTEX
  8
AXES
 62
7
  6
CONTINUOUS
 10
96.8726340847
 20
172.7379910067
  0
VERTEX
  8
AXES
 62
7
  6
CONTINUOUS
 10
96.7146203056
 20
173.8058097516
  0
VERTEX
  8
AXES
 62
7
  6
CONTINUOUS
 10
96.6865969031
 20
174.37214241
  0
SEQEND
  0
POLYLINE
  8
0
 62
7
  6
CONTINUOUS
 66
1
 70
0
  0
VERTEX
  8
0
 62
7
  6
CONTINUOUS
 10
98.9150868582
 20
167.6558944417
  0
VERTEX
  8
0
 62
7
  6
CONTINUOUS
 10
98.2855179177
 20
168.5799618718
  0
VERTEX
  8
0
 62
7
  6
CONTINUOUS
 10
97.7342499729
 20
169.6039772847
  0
VERTEX
  8
0
 62
7
  6
CONTINUOUS
 10
97.2798447106
 20
170.7101049928
  0
VERTEX
  8
0
 62
7
  6
CONTINUOUS
 10
96.9429199974
 20
171.8909469704
  0
VERTEX
  8
0
 62
7
  6
CONTINUOUS
 10
96.7317883251
 20
173.1192096557
  0
VERTEX
  8
0
 62
7
  6
CONTINUOUS
 10
96.6635559137
 20
174.3710022905
  0
SEQEND
  0
POLYLINE
  8
FILETAGES
 62
7
  6
CONTINUOUS
 66
1
 70
0
  0
VERTEX
  8
FILETAGES
 62
7
  6
CONTINUOUS
 10
95.8520010166
 20
147.7769346675
  0
VERTEX
  8
FILETAGES
 62
7
  6
CONTINUOUS
 10
95.8374118101
 20
147.6944405993
  0
VERTEX
  8
FILETAGES
 62
7
  6
CONTINUOUS
 10
95.8233988819
 20
147.6118466921
  0
VERTEX
  8
FILETAGES
 62
7
  6
CONTINUOUS
 10
95.8099629149
 20
147.5291569715
  0
VERTEX
  8
FILETAGES
 62
7
  6
CONTINUOUS
 10
95.797104564
 20
147.4463754676
  0
VERTEX
  8
FILETAGES
 62
7
  6
CONTINUOUS
 10
95.7848244559
 20
147.3635062152
  0
VERTEX
  8
FILETAGES
 62
7
  6
CONTINUOUS
 10
95.7710133787
 20
147.2651351693
  0
SEQEND
  0
POLYLINE
  8
FILETAGES
 62
7
  6
CONTINUOUS
 66
1
 70
0
  0
VERTEX
  8
FILETAGES
 62
7
  6
CONTINUOUS
 10
96.2485939736
 20
149.3243919603
  0
VERTEX
  8
FILETAGES
 62
7
  6
CONTINUOUS
 10
96.1495044747
 20
149.0042911685
  0
VERTEX
  8
FILETAGES
 62
7
  6
CONTINUOUS
 10
96.0487621234
 20
148.6410324067
  0
VERTEX
  8
FILETAGES
 62
7
  6
CONTINUOUS
 10
95.9688313917
 20
148.3156185124
  0
VERTEX
  8
FILETAGES
 62
7
  6
CONTINUOUS
 10
95.889810305
 20
147.9470245907
  0
VERTEX
  8
FILETAGES
 62
7
  6
CONTINUOUS
 10
95.8293197243
 20
147.6174431628
  0
VERTEX
  8
FILETAGES
 62
7
  6
CONTINUOUS
 10
95.7710133876
 20
147.2354056459
  0
SEQEND
  0
POLYLINE
  8
FILETAGES
 62
7
  6
CONTINUOUS
 66
1
 70
0
  0
VERTEX
  8
FILETAGES
 62
7
  6
CONTINUOUS
 10
96.2485939736
 20
149.354121549
  0
VERTEX
  8
FILETAGES
 62
7
  6
CONTINUOUS
 10
96.1734381988
 20
149.1143034192
  0
VERTEX
  8
FILETAGES
 62
7
  6
CONTINUOUS
 10
96.1033213676
 20
148.8729639696
  0
VERTEX
  8
FILETAGES
 62
7
  6
CONTINUOUS
 10
96.0279279704
 20
148.5896197615
  0
VERTEX
  8
FILETAGES
 62
7
  6
CONTINUOUS
 10
95.9688313917
 20
148.3453481012
  0
VERTEX
  8
FILETAGES
 62
7
  6
CONTINUOUS
 10
95.906369174
 20
148.0588755669
  0
VERTEX
  8
FILETAGES
 62
7
  6
CONTINUOUS
 10
95.8520010045
 20
147.7769346005
  0
SEQEND
  0
POLYLINE
  8
FILETAGES
 62
7
  6
CONTINUOUS
 66
1
 70
0
  0
VERTEX
  8
FILETAGES
 62
7
  6
CONTINUOUS
 10
116.5131801586
 20
153.7479214648
  0
VERTEX
  8
FILETAGES
 62
7
  6
CONTINUOUS
 10
116.4564017038
 20
153.8095204077
  0
VERTEX
  8
FILETAGES
 62
7
  6
CONTINUOUS
 10
116.4278515543
 20
153.8401708613
  0
VERTEX
  8
FILETAGES
 62
7
  6
CONTINUOUS
 10
116.3704311505
 20
153.9011718654
  0
VERTEX
  8
FILETAGES
 62
7
  6
CONTINUOUS
 10
116.2999418484
 20
153.9749046788
  0
SEQEND
  0
LINE
  8
FILETAGES
 62
7
  6
CONTINUOUS
 10
116.5695271839
 20
153.6859276449
 11
116.5131801586
 21
153.7479214648
  0
POLYLINE
  8
FILETAGES
 62
7
  6
CONTINUOUS
 66
1
 70
0
  0
VERTEX
  8
FILETAGES
 62
7
  6
CONTINUOUS
 10
116.8772341697
 20
153.3015613916
  0
VERTEX
  8
FILETAGES
 62
7
  6
CONTINUOUS
 10
116.7962485457
 20
153.3976458599
  0
VERTEX
  8
FILETAGES
 62
7
  6
CONTINUOUS
 10
116.7142611686
 20
153.4928770107
  0
VERTEX
  8
FILETAGES
 62
7
  6
CONTINUOUS
 10
116.6312810292
 20
153.5872444011
  0
VERTEX
  8
FILETAGES
 62
7
  6
CONTINUOUS
 10
116.51911229
 20
153.7117060883
  0
VERTEX
  8
FILETAGES
 62
7
  6
CONTINUOUS
 10
116.4338512794
 20
153.8040179593
  0
VERTEX
  8
FILETAGES
 62
7
  6
CONTINUOUS
 10
116.3289630705
 20
153.9149703208
  0
SEQEND
  0
LINE
  8
FILETAGES
 62
7
  6
CONTINUOUS
 10
116.9312648725
 20
153.2363049149
 11
116.8772341668
 21
153.3015613951
  0
LINE
  8
FILETAGES
 62
7
  6
CONTINUOUS
 10
116.9842374715
 20
153.1714041316
 11
116.9312648725
 21
153.2363049149
  0
POLYLINE
  8
FILETAGES
 62
7
  6
CONTINUOUS
 66
1
 70
0
  0
VERTEX
  8
FILETAGES
 62
7
  6
CONTINUOUS
 10
116.9991021918
 20
153.1827545042
  0
VERTEX
  8
FILETAGES
 62
7
  6
CONTINUOUS
 10
116.9462575428
 20
153.247759508
  0
VERTEX
  8
FILETAGES
 62
7
  6
CONTINUOUS
 10
116.8661428733
 20
153.3445713414
  0
VERTEX
  8
FILETAGES
 62
7
  6
CONTINUOUS
 10
116.812171759
 20
153.4086441947
  0
VERTEX
  8
FILETAGES
 62
7
  6
CONTINUOUS
 10
116.7303796619
 20
153.5040431141
  0
VERTEX
  8
FILETAGES
 62
7
  6
CONTINUOUS
 10
116.647593035
 20
153.5985803087
  0
VERTEX
  8
FILETAGES
 62
7
  6
CONTINUOUS
 10
116.5695271951
 20
153.6859276325
  0
SEQEND
  0
LINE
  8
FILETAGES
 62
7
  6
CONTINUOUS
 10
116.9991021918
 20
153.1530249154
 11
116.9842374715
 21
153.1714041317
  0
LINE
  8
FILETAGES
 62
7
  6
CONTINUOUS
 10
117.0532609674
 20
153.1151580878
 11
116.9991021868
 21
153.1827545104
  0
POLYLINE
  8
FILETAGES
 62
7
  6
CONTINUOUS
 66
1
 70
0
  0
VERTEX
  8
FILETAGES
 62
7
  6
CONTINUOUS
 10
117.1309629687
 20
153.0163994076
  0
VERTEX
  8
FILETAGES
 62
7
  6
CONTINUOUS
 10
117.1051772674
 20
153.0494093098
  0
VERTEX
  8
FILETAGES
 62
7
  6
CONTINUOUS
 10
117.0532609674
 20
153.1151580878
  0
SEQEND
  0
POLYLINE
  8
FILETAGES
 62
7
  6
CONTINUOUS
 66
1
 70
0
  0
VERTEX
  8
FILETAGES
 62
7
  6
CONTINUOUS
 10
117.254348505
 20
152.8550780455
  0
VERTEX
  8
FILETAGES
 62
7
  6
CONTINUOUS
 10
117.203785271
 20
152.9218729441
  0
VERTEX
  8
FILETAGES
 62
7
  6
CONTINUOUS
 10
117.1783290908
 20
152.9551376149
  0
VERTEX
  8
FILETAGES
 62
7
  6
CONTINUOUS
 10
117.1309629652
 20
153.016399412
  0
SEQEND
  0
LINE
  8
FILETAGES
 62
7
  6
CONTINUOUS
 10
117.304444186
 20
152.7879317859
 11
117.254348505
 21
152.8550780455
  0
LINE
  8
FILETAGES
 62
7
  6
CONTINUOUS
 10
117.3602298395
 20
152.7119901638
 11
117.304444186
 21
152.7879317859
  0
POLYLINE
  8
FILETAGES
 62
7
  6
CONTINUOUS
 66
1
 70
0
  0
VERTEX
  8
FILETAGES
 62
7
  6
CONTINUOUS
 10
117.4093239889
 20
152.6143786302
  0
VERTEX
  8
FILETAGES
 62
7
  6
CONTINUOUS
 10
117.3602298395
 20
152.682260575
  0
VERTEX
  8
FILETAGES
 62
7
  6
CONTINUOUS
 10
117.2857030316
 20
152.7834367369
  0
VERTEX
  8
FILETAGES
 62
7
  6
CONTINUOUS
 10
117.2101207965
 20
152.8838269363
  0
VERTEX
  8
FILETAGES
 62
7
  6
CONTINUOUS
 10
117.1591503795
 20
152.9503116501
  0
VERTEX
  8
FILETAGES
 62
7
  6
CONTINUOUS
 10
117.0818275744
 20
153.049367491
  0
VERTEX
  8
FILETAGES
 62
7
  6
CONTINUOUS
 10
116.9991021931
 20
153.1530249138
  0
SEQEND
  0
LINE
  8
FILETAGES
 62
7
  6
CONTINUOUS
 10
117.4093239889
 20
152.644108219
 11
117.3602298395
 21
152.7119901638
  0
LINE
  8
FILETAGES
 62
7
  6
CONTINUOUS
 10
117.4584848138
 20
152.5453896635
 11
117.4093239872
 21
152.6143786326
  0
LINE
  8
FILETAGES
 62
7
  6
CONTINUOUS
 10
117.5066210205
 20
152.4768251227
 11
117.4584848138
 21
152.5453896635
  0
POLYLINE
  8
FILETAGES
 62
7
  6
CONTINUOUS
 66
1
 70
0
  0
VERTEX
  8
FILETAGES
 62
7
  6
CONTINUOUS
 10
117.5263687511
 20
152.4781291776
  0
VERTEX
  8
FILETAGES
 62
7
  6
CONTINUOUS
 10
117.4784305128
 20
152.5468322727
  0
VERTEX
  8
FILETAGES
 62
7
  6
CONTINUOUS
 10
117.4542818188
 20
152.5810579023
  0
VERTEX
  8
FILETAGES
 62
7
  6
CONTINUOUS
 10
117.4093239856
 20
152.6441082236
  0
SEQEND
  0
LINE
  8
FILETAGES
 62
7
  6
CONTINUOUS
 10
117.5541124428
 20
152.4081664445
 11
117.5066210205
 21
152.4768251227
  0
LINE
  8
FILETAGES
 62
7
  6
CONTINUOUS
 10
117.5738261785
 20
152.4090930934
 11
117.5263687511
 21
152.4781291776
  0
LINE
  8
FILETAGES
 62
7
  6
CONTINUOUS
 10
117.598967135
 20
152.3423683018
 11
117.5541124485
 21
152.4081664361
  0
LINE
  8
FILETAGES
 62
7
  6
CONTINUOUS
 10
117.6223855281
 20
152.337368497
 11
117.5738261785
 21
152.4090930934
  0
LINE
  8
FILETAGES
 62
7
  6
CONTINUOUS
 10
117.6456825481
 20
152.2728279822
 11
117.598967135
 21
152.3423683018
  0
LINE
  8
FILETAGES
 62
7
  6
CONTINUOUS
 10
117.6688579113
 20
152.2676655367
 11
117.6223855281
 21
152.337368497
  0
POLYLINE
  8
FILETAGES
 62
7
  6
CONTINUOUS
 66
1
 70
0
  0
VERTEX
  8
FILETAGES
 62
7
  6
CONTINUOUS
 10
117.7148425389
 20
152.1679102562
  0
VERTEX
  8
FILETAGES
 62
7
  6
CONTINUOUS
 10
117.6919113352
 20
152.2029632306
  0
VERTEX
  8
FILETAGES
 62
7
  6
CONTINUOUS
 10
117.6456825481
 20
152.2728279822
  0
SEQEND
  0
LINE
  8
FILETAGES
 62
7
  6
CONTINUOUS
 10
117.7148425389
 20
152.197639845
 11
117.6688579113
 21
152.2676655367
  0
POLYLINE
  8
FILETAGES
 62
7
  6
CONTINUOUS
 66
1
 70
0
  0
VERTEX
  8
FILETAGES
 62
7
  6
CONTINUOUS
 10
96.8548071084
 20
150.8631999101
  0
VERTEX
  8
FILETAGES
 62
7
  6
CONTINUOUS
 10
96.7479140696
 20
150.6357461601
  0
VERTEX
  8
FILETAGES
 62
7
  6
CONTINUOUS
 10
96.6458079905
 20
150.4061037351
  0
VERTEX
  8
FILETAGES
 62
7
  6
CONTINUOUS
 10
96.5327940494
 20
150.1355557647
  0
VERTEX
  8
FILETAGES
 62
7
  6
CONTINUOUS
 10
96.4412105321
 20
149.9015179855
  0
VERTEX
  8
FILETAGES
 62
7
  6
CONTINUOUS
 10
96.3405860123
 20
149.6261219659
  0
VERTEX
  8
FILETAGES
 62
7
  6
CONTINUOUS
 10
96.2485939526
 20
149.3541214842
  0
SEQEND
  0
LINE
  8
AXES
 62
7
  6
CONTINUOUS
 10
86.2559517241
 20
159.2203706242
 11
80.6612721692
 21
155.303003075
  0
LINE
  8
AXES
 62
7
  6
CONTINUOUS
 10
86.2559517241
 20
159.1965869532
 11
80.6612721692
 21
155.279219404
  0
POLYLINE
  8
FILETAGES
 62
7
  6
CONTINUOUS
 66
1
 70
0
  0
VERTEX
  8
FILETAGES
 62
7
  6
CONTINUOUS
 10
118.0606511148
 20
151.6038783161
  0
VERTEX
  8
FILETAGES
 62
7
  6
CONTINUOUS
 10
118.0185957835
 20
151.6763318899
  0
VERTEX
  8
FILETAGES
 62
7
  6
CONTINUOUS
 10
117.9545669313
 20
151.7844573516
  0
VERTEX
  8
FILETAGES
 62
7
  6
CONTINUOUS
 10
117.9112534936
 20
151.8561659366
  0
VERTEX
  8
FILETAGES
 62
7
  6
CONTINUOUS
 10
117.8453473104
 20
151.9631574925
  0
VERTEX
  8
FILETAGES
 62
7
  6
CONTINUOUS
 10
117.7783243286
 20
152.0694530389
  0
VERTEX
  8
FILETAGES
 62
7
  6
CONTINUOUS
 10
117.714842548
 20
152.1679102422
  0
SEQEND
  0
POLYLINE
  8
FILETAGES
 62
7
  6
CONTINUOUS
 66
1
 70
0
  0
VERTEX
  8
FILETAGES
 62
7
  6
CONTINUOUS
 10
118.0606511148
 20
151.6336079049
  0
VERTEX
  8
FILETAGES
 62
7
  6
CONTINUOUS
 10
118.0185957835
 20
151.7060614787
  0
VERTEX
  8
FILETAGES
 62
7
  6
CONTINUOUS
 10
117.9545669313
 20
151.8141869404
  0
VERTEX
  8
FILETAGES
 62
7
  6
CONTINUOUS
 10
117.9112534936
 20
151.8858955254
  0
VERTEX
  8
FILETAGES
 62
7
  6
CONTINUOUS
 10
117.8453473104
 20
151.9928870813
  0
VERTEX
  8
FILETAGES
 62
7
  6
CONTINUOUS
 10
117.7783243286
 20
152.0991826276
  0
VERTEX
  8
FILETAGES
 62
7
  6
CONTINUOUS
 10
117.714842548
 20
152.197639831
  0
SEQEND
  0
POLYLINE
  8
FILETAGES
 62
7
  6
CONTINUOUS
 66
1
 70
0
  0
VERTEX
  8
FILETAGES
 62
7
  6
CONTINUOUS
 10
118.1925200904
 20
151.3687875642
  0
VERTEX
  8
FILETAGES
 62
7
  6
CONTINUOUS
 10
118.1521028042
 20
151.4421674624
  0
VERTEX
  8
FILETAGES
 62
7
  6
CONTINUOUS
 10
118.1317022964
 20
151.4787511544
  0
VERTEX
  8
FILETAGES
 62
7
  6
CONTINUOUS
 10
118.0905187944
 20
151.5517037955
  0
VERTEX
  8
FILETAGES
 62
7
  6
CONTINUOUS
 10
118.0606511163
 20
151.6038783136
  0
SEQEND
  0
POLYLINE
  8
FILETAGES
 62
7
  6
CONTINUOUS
 66
1
 70
0
  0
VERTEX
  8
FILETAGES
 62
7
  6
CONTINUOUS
 10
118.1925200904
 20
151.398517153
  0
VERTEX
  8
FILETAGES
 62
7
  6
CONTINUOUS
 10
118.1521028042
 20
151.4718970512
  0
VERTEX
  8
FILETAGES
 62
7
  6
CONTINUOUS
 10
118.1317022964
 20
151.5084807432
  0
VERTEX
  8
FILETAGES
 62
7
  6
CONTINUOUS
 10
118.0905187944
 20
151.5814333843
  0
VERTEX
  8
FILETAGES
 62
7
  6
CONTINUOUS
 10
118.0606511163
 20
151.6336079024
  0
SEQEND
  0
LINE
  8
FILETAGES
 62
7
  6
CONTINUOUS
 10
118.2324240983
 20
151.2951272957
 11
118.1925200904
 21
151.3687875642
  0
LINE
  8
FILETAGES
 62
7
  6
CONTINUOUS
 10
118.2324240983
 20
151.3248568845
 11
118.1925200904
 21
151.398517153
  0
POLYLINE
  8
FILETAGES
 62
7
  6
CONTINUOUS
 66
1
 70
0
  0
VERTEX
  8
FILETAGES
 62
7
  6
CONTINUOUS
 10
118.4677372299
 20
150.8631999101
  0
VERTEX
  8
FILETAGES
 62
7
  6
CONTINUOUS
 10
118.431050492
 20
150.9385141821
  0
VERTEX
  8
FILETAGES
 62
7
  6
CONTINUOUS
 10
118.3938388503
 20
151.0135705036
  0
VERTEX
  8
FILETAGES
 62
7
  6
CONTINUOUS
 10
118.3561041185
 20
151.0883652164
  0
VERTEX
  8
FILETAGES
 62
7
  6
CONTINUOUS
 10
118.3178481356
 20
151.1628946753
  0
VERTEX
  8
FILETAGES
 62
7
  6
CONTINUOUS
 10
118.2790727662
 20
151.2371552476
  0
VERTEX
  8
FILETAGES
 62
7
  6
CONTINUOUS
 10
118.2324240902
 20
151.3248568995
  0
SEQEND
  0
POLYLINE
  8
FILETAGES
 62
7
  6
CONTINUOUS
 66
1
 70
0
  0
VERTEX
  8
FILETAGES
 62
7
  6
CONTINUOUS
 10
97.0258876272
 20
151.2036358738
  0
VERTEX
  8
FILETAGES
 62
7
  6
CONTINUOUS
 10
96.9873466979
 20
151.1292533624
  0
VERTEX
  8
FILETAGES
 62
7
  6
CONTINUOUS
 10
96.9493260008
 20
151.0546036041
  0
VERTEX
  8
FILETAGES
 62
7
  6
CONTINUOUS
 10
96.9305113193
 20
151.0171796439
  0
VERTEX
  8
FILETAGES
 62
7
  6
CONTINUOUS
 10
96.8932744368
 20
150.9421358412
  0
VERTEX
  8
FILETAGES
 62
7
  6
CONTINUOUS
 10
96.8548070998
 20
150.8631998923
  0
SEQEND
  0
POLYLINE
  8
FILETAGES
 62
7
  6
CONTINUOUS
 66
1
 70
0
  0
VERTEX
  8
FILETAGES
 62
7
  6
CONTINUOUS
 10
97.09012024
 20
151.2951272957
  0
VERTEX
  8
FILETAGES
 62
7
  6
CONTINUOUS
 10
96.9356755099
 20
150.9977545208
  0
VERTEX
  8
FILETAGES
 62
7
  6
CONTINUOUS
 10
96.7719279266
 20
150.6582058978
  0
VERTEX
  8
FILETAGES
 62
7
  6
CONTINUOUS
 10
96.6353914584
 20
150.3521971552
  0
VERTEX
  8
FILETAGES
 62
7
  6
CONTINUOUS
 10
96.4920698526
 20
150.0035350924
  0
VERTEX
  8
FILETAGES
 62
7
  6
CONTINUOUS
 10
96.3739223016
 20
149.6899676383
  0
VERTEX
  8
FILETAGES
 62
7
  6
CONTINUOUS
 10
96.2485939887
 20
149.3243920067
  0
SEQEND
  0
LINE
  8
FILETAGES
 62
7
  6
CONTINUOUS
 10
97.0703613241
 20
151.2879227327
 11
97.0258876272
 21
151.2036358738
  0
POLYLINE
  8
FILETAGES
 62
7
  6
CONTINUOUS
 66
1
 70
0
  0
VERTEX
  8
FILETAGES
 62
7
  6
CONTINUOUS
 10
97.2203447432
 20
151.5608625027
  0
VERTEX
  8
FILETAGES
 62
7
  6
CONTINUOUS
 10
97.179305139
 20
151.4878288177
  0
VERTEX
  8
FILETAGES
 62
7
  6
CONTINUOUS
 10
97.1589767915
 20
151.4512049809
  0
VERTEX
  8
FILETAGES
 62
7
  6
CONTINUOUS
 10
97.118704244
 20
151.37774555
  0
VERTEX
  8
FILETAGES
 62
7
  6
CONTINUOUS
 10
97.0703613241
 20
151.2879227327
  0
SEQEND
  0
POLYLINE
  8
FILETAGES
 62
7
  6
CONTINUOUS
 66
1
 70
0
  0
VERTEX
  8
FILETAGES
 62
7
  6
CONTINUOUS
 10
97.2203447432
 20
151.5311329139
  0
VERTEX
  8
FILETAGES
 62
7
  6
CONTINUOUS
 10
97.179305139
 20
151.4580992289
  0
VERTEX
  8
FILETAGES
 62
7
  6
CONTINUOUS
 10
97.1589767915
 20
151.4214753921
  0
VERTEX
  8
FILETAGES
 62
7
  6
CONTINUOUS
 10
97.118704244
 20
151.3480159613
  0
VERTEX
  8
FILETAGES
 62
7
  6
CONTINUOUS
 10
97.0901202414
 20
151.2951272982
  0
SEQEND
  0
LINE
  8
FILETAGES
 62
7
  6
CONTINUOUS
 10
97.2618932235
 20
151.6336079049
 11
97.2203447432
 21
151.5608625027
  0
LINE
  8
FILETAGES
 62
7
  6
CONTINUOUS
 10
97.2618932235
 20
151.6038783161
 11
97.2203447432
 21
151.5311329139
  0
POLYLINE
  8
FILETAGES
 62
7
  6
CONTINUOUS
 66
1
 70
0
  0
VERTEX
  8
FILETAGES
 62
7
  6
CONTINUOUS
 10
97.6077017994
 20
152.197639845
  0
VERTEX
  8
FILETAGES
 62
7
  6
CONTINUOUS
 10
97.5622071686
 20
152.1272948348
  0
VERTEX
  8
FILETAGES
 62
7
  6
CONTINUOUS
 10
97.4948888104
 20
152.0211861013
  0
VERTEX
  8
FILETAGES
 62
7
  6
CONTINUOUS
 10
97.4506288201
 20
151.9500578282
  0
VERTEX
  8
FILETAGES
 62
7
  6
CONTINUOUS
 10
97.3851726003
 20
151.8427904091
  0
VERTEX
  8
FILETAGES
 62
7
  6
CONTINUOUS
 10
97.3208432706
 20
151.7348434402
  0
VERTEX
  8
FILETAGES
 62
7
  6
CONTINUOUS
 10
97.2618932318
 20
151.6336079194
  0
SEQEND
  0
POLYLINE
  8
FILETAGES
 62
7
  6
CONTINUOUS
 66
1
 70
0
  0
VERTEX
  8
FILETAGES
 62
7
  6
CONTINUOUS
 10
97.6077017994
 20
152.1679102562
  0
VERTEX
  8
FILETAGES
 62
7
  6
CONTINUOUS
 10
97.5622071686
 20
152.097565246
  0
VERTEX
  8
FILETAGES
 62
7
  6
CONTINUOUS
 10
97.4948888104
 20
151.9914565125
  0
VERTEX
  8
FILETAGES
 62
7
  6
CONTINUOUS
 10
97.4506288201
 20
151.9203282395
  0
VERTEX
  8
FILETAGES
 62
7
  6
CONTINUOUS
 10
97.3851726003
 20
151.8130608203
  0
VERTEX
  8
FILETAGES
 62
7
  6
CONTINUOUS
 10
97.3208432706
 20
151.7051138514
  0
VERTEX
  8
FILETAGES
 62
7
  6
CONTINUOUS
 10
97.2618932318
 20
151.6038783306
  0
SEQEND
  0
LINE
  8
FILETAGES
 62
7
  6
CONTINUOUS
 10
97.6552549661
 20
152.2700354324
 11
97.6077017951
 21
152.1976398384
  0
LINE
  8
FILETAGES
 62
7
  6
CONTINUOUS
 10
97.6569165057
 20
152.2428149236
 11
97.6077017981
 21
152.1679102542
  0
LINE
  8
FILETAGES
 62
7
  6
CONTINUOUS
 10
97.7034228722
 20
152.3124952154
 11
97.6569165057
 21
152.2428149236
  0
POLYLINE
  8
FILETAGES
 62
7
  6
CONTINUOUS
 66
1
 70
0
  0
VERTEX
  8
FILETAGES
 62
7
  6
CONTINUOUS
 10
97.7251704739
 20
152.3744512312
  0
VERTEX
  8
FILETAGES
 62
7
  6
CONTINUOUS
 10
97.7017438563
 20
152.3397273847
  0
VERTEX
  8
FILETAGES
 62
7
  6
CONTINUOUS
 10
97.6552549661
 20
152.2700354324
  0
SEQEND
  0
LINE
  8
FILETAGES
 62
7
  6
CONTINUOUS
 10
97.7438183632
 20
152.3721766319
 11
97.7034228723
 21
152.3124952156
  0
LINE
  8
FILETAGES
 62
7
  6
CONTINUOUS
 10
97.7921070168
 20
152.4425213518
 11
97.7438183632
 21
152.3721766319
  0
POLYLINE
  8
FILETAGES
 62
7
  6
CONTINUOUS
 66
1
 70
0
  0
VERTEX
  8
FILETAGES
 62
7
  6
CONTINUOUS
 10
97.8404706911
 20
152.5416468176
  0
VERTEX
  8
FILETAGES
 62
7
  6
CONTINUOUS
 10
97.7925687433
 20
152.4729184157
  0
VERTEX
  8
FILETAGES
 62
7
  6
CONTINUOUS
 10
97.7687979943
 20
152.438429229
  0
VERTEX
  8
FILETAGES
 62
7
  6
CONTINUOUS
 10
97.7251704708
 20
152.3744512265
  0
SEQEND
  0
LINE
  8
FILETAGES
 62
7
  6
CONTINUOUS
 10
97.8404706911
 20
152.5119172289
 11
97.7921070168
 21
152.4425213518
  0
POLYLINE
  8
FILETAGES
 62
7
  6
CONTINUOUS
 66
1
 70
0
  0
VERTEX
  8
FILETAGES
 62
7
  6
CONTINUOUS
 10
97.9132203495
 20
152.644108219
  0
VERTEX
  8
FILETAGES
 62
7
  6
CONTINUOUS
 10
97.888851291
 20
152.6100391346
  0
VERTEX
  8
FILETAGES
 62
7
  6
CONTINUOUS
 10
97.8404706911
 20
152.5416468176
  0
SEQEND
  0
POLYLINE
  8
FILETAGES
 62
7
  6
CONTINUOUS
 66
1
 70
0
  0
VERTEX
  8
FILETAGES
 62
7
  6
CONTINUOUS
 10
97.9132203495
 20
152.6143786302
  0
VERTEX
  8
FILETAGES
 62
7
  6
CONTINUOUS
 10
97.888851291
 20
152.5803095459
  0
VERTEX
  8
FILETAGES
 62
7
  6
CONTINUOUS
 10
97.8404706911
 20
152.5119172289
  0
SEQEND
  0
POLYLINE
  8
FILETAGES
 62
7
  6
CONTINUOUS
 66
1
 70
0
  0
VERTEX
  8
FILETAGES
 62
7
  6
CONTINUOUS
 10
119.0739503647
 20
149.3243919603
  0
VERTEX
  8
FILETAGES
 62
7
  6
CONTINUOUS
 10
118.9659616026
 20
149.6416012573
  0
VERTEX
  8
FILETAGES
 62
7
  6
CONTINUOUS
 10
118.8339419595
 20
149.9946975905
  0
VERTEX
  8
FILETAGES
 62
7
  6
CONTINUOUS
 10
118.7073304106
 20
150.304944236
  0
VERTEX
  8
FILETAGES
 62
7
  6
CONTINUOUS
 10
118.5546019116
 20
150.649589591
  0
VERTEX
  8
FILETAGES
 62
7
  6
CONTINUOUS
 10
118.409813292
 20
150.9517814099
  0
VERTEX
  8
FILETAGES
 62
7
  6
CONTINUOUS
 10
118.2324241215
 20
151.2951272527
  0
SEQEND
  0
POLYLINE
  8
FILETAGES
 62
7
  6
CONTINUOUS
 66
1
 70
0
  0
VERTEX
  8
FILETAGES
 62
7
  6
CONTINUOUS
 10
119.0739503647
 20
149.354121549
  0
VERTEX
  8
FILETAGES
 62
7
  6
CONTINUOUS
 10
118.993788612
 20
149.5923131668
  0
VERTEX
  8
FILETAGES
 62
7
  6
CONTINUOUS
 10
118.9086560431
 20
149.8287737938
  0
VERTEX
  8
FILETAGES
 62
7
  6
CONTINUOUS
 10
118.8031020917
 20
150.1023184169
  0
VERTEX
  8
FILETAGES
 62
7
  6
CONTINUOUS
 10
118.7073304106
 20
150.3346738248
  0
VERTEX
  8
FILETAGES
 62
7
  6
CONTINUOUS
 10
118.5894760988
 20
150.6031486948
  0
VERTEX
  8
FILETAGES
 62
7
  6
CONTINUOUS
 10
118.4677372003
 20
150.8631999714
  0
SEQEND
  0
LINE
  8
FILETAGES
 62
7
  6
CONTINUOUS
 10
119.0922034289
 20
149.267738089
 11
119.0739503642
 21
149.3243919618
  0
POLYLINE
  8
FILETAGES
 62
7
  6
CONTINUOUS
 66
1
 70
0
  0
VERTEX
  8
FILETAGES
 62
7
  6
CONTINUOUS
 10
97.993228408
 20
152.7542279177
  0
VERTEX
  8
FILETAGES
 62
7
  6
CONTINUOUS
 10
97.9684744659
 20
152.7204374377
  0
VERTEX
  8
FILETAGES
 62
7
  6
CONTINUOUS
 10
97.913220352
 20
152.6441082226
  0
SEQEND
  0
POLYLINE
  8
FILETAGES
 62
7
  6
CONTINUOUS
 66
1
 70
0
  0
VERTEX
  8
FILETAGES
 62
7
  6
CONTINUOUS
 10
98.1149178267
 20
152.9168324782
  0
VERTEX
  8
FILETAGES
 62
7
  6
CONTINUOUS
 10
98.0643898757
 20
152.8500108863
  0
VERTEX
  8
FILETAGES
 62
7
  6
CONTINUOUS
 10
98.0393011491
 20
152.8164682183
  0
VERTEX
  8
FILETAGES
 62
7
  6
CONTINUOUS
 10
97.9932284047
 20
152.7542279131
  0
SEQEND
  0
LINE
  8
FILETAGES
 62
7
  6
CONTINUOUS
 10
98.1659110536
 20
152.9832996992
 11
98.1149178267
 21
152.9168324782
  0
LINE
  8
FILETAGES
 62
7
  6
CONTINUOUS
 10
98.21912074
 20
153.0516456879
 11
98.1659110536
 21
152.9832996992
  0
LINE
  8
FILETAGES
 62
7
  6
CONTINUOUS
 10
98.2710526102
 20
153.1173821688
 11
98.21912074
 21
153.0516456879
  0
POLYLINE
  8
FILETAGES
 62
7
  6
CONTINUOUS
 66
1
 70
0
  0
VERTEX
  8
FILETAGES
 62
7
  6
CONTINUOUS
 10
98.3234421465
 20
153.1530249154
  0
VERTEX
  8
FILETAGES
 62
7
  6
CONTINUOUS
 10
98.2710526102
 20
153.08765258
  0
VERTEX
  8
FILETAGES
 62
7
  6
CONTINUOUS
 10
98.1933272215
 20
152.9889123047
  0
VERTEX
  8
FILETAGES
 62
7
  6
CONTINUOUS
 10
98.1166400996
 20
152.8893635342
  0
VERTEX
  8
FILETAGES
 62
7
  6
CONTINUOUS
 10
98.0660963242
 20
152.8225539106
  0
VERTEX
  8
FILETAGES
 62
7
  6
CONTINUOUS
 10
97.9911582784
 20
152.7216819508
  0
VERTEX
  8
FILETAGES
 62
7
  6
CONTINUOUS
 10
97.9132203507
 20
152.6143786319
  0
SEQEND
  0
LINE
  8
FILETAGES
 62
7
  6
CONTINUOUS
 10
98.3234421465
 20
153.1827545042
 11
98.2710526102
 21
153.1173821688
  0
LINE
  8
FILETAGES
 62
7
  6
CONTINUOUS
 10
98.3657379334
 20
153.2051274821
 11
98.3234421469
 21
153.1530249159
  0
POLYLINE
  8
FILETAGES
 62
7
  6
CONTINUOUS
 66
1
 70
0
  0
VERTEX
  8
FILETAGES
 62
7
  6
CONTINUOUS
 10
98.4457180674
 20
153.3020504864
  0
VERTEX
  8
FILETAGES
 62
7
  6
CONTINUOUS
 10
98.4189452996
 20
153.2698359436
  0
VERTEX
  8
FILETAGES
 62
7
  6
CONTINUOUS
 10
98.3657379334
 20
153.2051274821
  0
SEQEND
  0
POLYLINE
  8
FILETAGES
 62
7
  6
CONTINUOUS
 66
1
 70
0
  0
VERTEX
  8
FILETAGES
 62
7
  6
CONTINUOUS
 10
98.7530171544
 20
153.6859276449
  0
VERTEX
  8
FILETAGES
 62
7
  6
CONTINUOUS
 10
98.6971043049
 20
153.6235419694
  0
VERTEX
  8
FILETAGES
 62
7
  6
CONTINUOUS
 10
98.6140550656
 20
153.5292353835
  0
VERTEX
  8
FILETAGES
 62
7
  6
CONTINUOUS
 10
98.5592395313
 20
153.4658834131
  0
VERTEX
  8
FILETAGES
 62
7
  6
CONTINUOUS
 10
98.4778488468
 20
153.3701418071
  0
VERTEX
  8
FILETAGES
 62
7
  6
CONTINUOUS
 10
98.3974652281
 20
153.2735531601
  0
VERTEX
  8
FILETAGES
 62
7
  6
CONTINUOUS
 10
98.323442157
 20
153.1827545172
  0
SEQEND
  0
POLYLINE
  8
FILETAGES
 62
7
  6
CONTINUOUS
 66
1
 70
0
  0
VERTEX
  8
FILETAGES
 62
7
  6
CONTINUOUS
 10
98.9358559439
 20
153.8839873139
  0
VERTEX
  8
FILETAGES
 62
7
  6
CONTINUOUS
 10
98.8785559082
 20
153.8228732345
  0
VERTEX
  8
FILETAGES
 62
7
  6
CONTINUOUS
 10
98.850066238
 20
153.792166559
  0
VERTEX
  8
FILETAGES
 62
7
  6
CONTINUOUS
 10
98.7934093289
 20
153.7304558075
  0
VERTEX
  8
FILETAGES
 62
7
  6
CONTINUOUS
 10
98.7530171564
 20
153.685927647
  0
SEQEND
  0
POLYLINE
  8
FILETAGES
 62
7
  6
CONTINUOUS
 66
1
 70
0
  0
VERTEX
  8
FILETAGES
 62
7
  6
CONTINUOUS
 10
98.9935812441
 20
153.9149702959
  0
VERTEX
  8
FILETAGES
 62
7
  6
CONTINUOUS
 10
98.9071525929
 20
153.8237506883
  0
VERTEX
  8
FILETAGES
 62
7
  6
CONTINUOUS
 10
98.8216839297
 20
153.7316310362
  0
VERTEX
  8
FILETAGES
 62
7
  6
CONTINUOUS
 10
98.7371846269
 20
153.6386214415
  0
VERTEX
  8
FILETAGES
 62
7
  6
CONTINUOUS
 10
98.6260427842
 20
153.5132419362
  0
VERTEX
  8
FILETAGES
 62
7
  6
CONTINUOUS
 10
98.5438411725
 20
153.4181956402
  0
VERTEX
  8
FILETAGES
 62
7
  6
CONTINUOUS
 10
98.4457180871
 20
153.30205051
  0
SEQEND
  0
LINE
  8
FILETAGES
 62
7
  6
CONTINUOUS
 10
98.9935812441
 20
153.9446998846
 11
98.9358559439
 21
153.8839873139
  0
POLYLINE
  8
FILETAGES
 62
7
  6
CONTINUOUS
 66
1
 70
0
  0
VERTEX
  8
FILETAGES
 62
7
  6
CONTINUOUS
 10
99.3599351227
 20
154.3111518664
  0
VERTEX
  8
FILETAGES
 62
7
  6
CONTINUOUS
 10
99.2996425528
 20
154.2529879321
  0
VERTEX
  8
FILETAGES
 62
7
  6
CONTINUOUS
 10
99.239757517
 20
154.1944045045
  0
VERTEX
  8
FILETAGES
 62
7
  6
CONTINUOUS
 10
99.1802829339
 20
154.1354044389
  0
VERTEX
  8
FILETAGES
 62
7
  6
CONTINUOUS
 10
99.1212217022
 20
154.0759906109
  0
VERTEX
  8
FILETAGES
 62
7
  6
CONTINUOUS
 10
99.0625767006
 20
154.0161659162
  0
VERTEX
  8
FILETAGES
 62
7
  6
CONTINUOUS
 10
98.9935812322
 20
153.9446998723
  0
SEQEND
  0
POLYLINE
  8
FILETAGES
 62
7
  6
CONTINUOUS
 66
1
 70
0
  0
VERTEX
  8
FILETAGES
 62
7
  6
CONTINUOUS
 10
99.3599351227
 20
154.2814222777
  0
VERTEX
  8
FILETAGES
 62
7
  6
CONTINUOUS
 10
99.2996425528
 20
154.2232583433
  0
VERTEX
  8
FILETAGES
 62
7
  6
CONTINUOUS
 10
99.239757517
 20
154.1646749157
  0
VERTEX
  8
FILETAGES
 62
7
  6
CONTINUOUS
 10
99.1802829339
 20
154.1056748501
  0
VERTEX
  8
FILETAGES
 62
7
  6
CONTINUOUS
 10
99.1212217022
 20
154.0462610221
  0
VERTEX
  8
FILETAGES
 62
7
  6
CONTINUOUS
 10
99.0625767006
 20
153.9864363274
  0
VERTEX
  8
FILETAGES
 62
7
  6
CONTINUOUS
 10
98.9935812322
 20
153.9149702835
  0
SEQEND
  0
POLYLINE
  8
FILETAGES
 62
7
  6
CONTINUOUS
 66
1
 70
0
  0
VERTEX
  8
FILETAGES
 62
7
  6
CONTINUOUS
 10
119.4705433218
 20
147.7472050788
  0
VERTEX
  8
FILETAGES
 62
7
  6
CONTINUOUS
 10
119.4233252835
 20
147.9940480691
  0
VERTEX
  8
FILETAGES
 62
7
  6
CONTINUOUS
 10
119.37094802
 20
148.2398480801
  0
VERTEX
  8
FILETAGES
 62
7
  6
CONTINUOUS
 10
119.3134345056
 20
148.4844972959
  0
VERTEX
  8
FILETAGES
 62
7
  6
CONTINUOUS
 10
119.2508099677
 20
148.7278884052
  0
VERTEX
  8
FILETAGES
 62
7
  6
CONTINUOUS
 10
119.1713250119
 20
149.0101121972
  0
VERTEX
  8
FILETAGES
 62
7
  6
CONTINUOUS
 10
119.0922034478
 20
149.2677380299
  0
SEQEND
  0
POLYLINE
  8
FILETAGES
 62
7
  6
CONTINUOUS
 66
1
 70
0
  0
VERTEX
  8
FILETAGES
 62
7
  6
CONTINUOUS
 10
119.4705433218
 20
147.7769346675
  0
VERTEX
  8
FILETAGES
 62
7
  6
CONTINUOUS
 10
119.4233252835
 20
148.0237776578
  0
VERTEX
  8
FILETAGES
 62
7
  6
CONTINUOUS
 10
119.37094802
 20
148.2695776689
  0
VERTEX
  8
FILETAGES
 62
7
  6
CONTINUOUS
 10
119.3033513007
 20
148.5548823283
  0
VERTEX
  8
FILETAGES
 62
7
  6
CONTINUOUS
 10
119.2398775358
 20
148.7980533582
  0
VERTEX
  8
FILETAGES
 62
7
  6
CONTINUOUS
 10
119.1594079019
 20
149.0799979814
  0
VERTEX
  8
FILETAGES
 62
7
  6
CONTINUOUS
 10
119.0739503437
 20
149.3541216138
  0
SEQEND
  0
LINE
  8
FILETAGES
 62
7
  6
CONTINUOUS
 10
119.4877791435
 20
147.6493759658
 11
119.4705433183
 21
147.776934687
  0
LINE
  8
FILETAGES
 62
7
  6
CONTINUOUS
 10
119.5016849474
 20
147.5667639559
 11
119.4858207958
 21
147.6904640292
  0
LINE
  8
FILETAGES
 62
7
  6
CONTINUOUS
 10
119.5197016014
 20
147.4837894642
 11
119.5065821889
 21
147.5665299973
  0
POLYLINE
  8
FILETAGES
 62
7
  6
CONTINUOUS
 66
1
 70
0
  0
VERTEX
  8
FILETAGES
 62
7
  6
CONTINUOUS
 10
119.5399372786
 20
147.3183736641
  0
VERTEX
  8
FILETAGES
 62
7
  6
CONTINUOUS
 10
119.5277646504
 20
147.4012587718
  0
VERTEX
  8
FILETAGES
 62
7
  6
CONTINUOUS
 10
119.5150136662
 20
147.4840568809
  0
VERTEX
  8
FILETAGES
 62
7
  6
CONTINUOUS
 10
119.4998059452
 20
147.607865414
  0
SEQEND
  0
LINE
  8
FILETAGES
 62
7
  6
CONTINUOUS
 10
119.5515309573
 20
147.2354055975
 11
119.5382968476
 21
147.3595119756
  0
LINE
  8
FILETAGES
 62
7
  6
CONTINUOUS
 10
119.5594937395
 20
147.205546398
 11
119.5515309577
 21
147.2651351834
  0
POLYLINE
  8
FILETAGES
 62
7
  6
CONTINUOUS
 66
1
 70
0
  0
VERTEX
  8
FILETAGES
 62
7
  6
CONTINUOUS
 10
119.594046199
 20
146.914386522
  0
VERTEX
  8
FILETAGES
 62
7
  6
CONTINUOUS
 10
119.5895458683
 20
146.9560312127
  0
VERTEX
  8
FILETAGES
 62
7
  6
CONTINUOUS
 10
119.5849001952
 20
146.9976599409
  0
SEQEND
  0
POLYLINE
  8
FILETAGES
 62
7
  6
CONTINUOUS
 66
1
 70
0
  0
VERTEX
  8
FILETAGES
 62
7
  6
CONTINUOUS
 10
119.62736378
 20
146.5474391169
  0
VERTEX
  8
FILETAGES
 62
7
  6
CONTINUOUS
 10
119.6172676527
 20
146.6726938025
  0
VERTEX
  8
FILETAGES
 62
7
  6
CONTINUOUS
 10
119.6058604157
 20
146.7978358978
  0
SEQEND
  0
LINE
  8
FILETAGES
 62
7
  6
CONTINUOUS
 10
119.6412741401
 20
146.3384684182
 11
119.6333655847
 21
146.4638802255
  0
POLYLINE
  8
FILETAGES
 62
7
  6
CONTINUOUS
 66
1
 70
0
  0
VERTEX
  8
FILETAGES
 62
7
  6
CONTINUOUS
 10
119.6458167011
 20
146.2250879204
  0
VERTEX
  8
FILETAGES
 62
7
  6
CONTINUOUS
 10
119.6361476906
 20
146.3923559878
  0
VERTEX
  8
FILETAGES
 62
7
  6
CONTINUOUS
 10
119.6241441544
 20
146.5594727524
  0
VERTEX
  8
FILETAGES
 62
7
  6
CONTINUOUS
 10
119.6098084326
 20
146.7264056347
  0
VERTEX
  8
FILETAGES
 62
7
  6
CONTINUOUS
 10
119.5940462008
 20
146.9143865054
  0
SEQEND
  0
POLYLINE
  8
AXES
 62
7
  6
CONTINUOUS
 66
1
 70
0
  0
VERTEX
  8
AXES
 62
7
  6
CONTINUOUS
 10
117.6612721692
 20
145.7589556042
  0
VERTEX
  8
AXES
 62
7
  6
CONTINUOUS
 10
117.6127738634
 20
146.7390756456
  0
VERTEX
  8
AXES
 62
7
  6
CONTINUOUS
 10
117.4691249732
 20
147.709824338
  0
VERTEX
  8
AXES
 62
7
  6
CONTINUOUS
 10
117.2303432341
 20
148.6616502648
  0
VERTEX
  8
AXES
 62
7
  6
CONTINUOUS
 10
116.9000674943
 20
149.5857222805
  0
VERTEX
  8
AXES
 62
7
  6
CONTINUOUS
 10
116.4801785703
 20
150.472675956
  0
VERTEX
  8
AXES
 62
7
  6
CONTINUOUS
 10
115.9759682922
 20
151.3145597256
  0
VERTEX
  8
AXES
 62
7
  6
CONTINUOUS
 10
115.3911082791
 20
152.1025560176
  0
VERTEX
  8
AXES
 62
7
  6
CONTINUOUS
 10
114.732339981
 20
152.82989842
  0
VERTEX
  8
AXES
 62
7
  6
CONTINUOUS
 10
114.0049847212
 20
153.4886550729
  0
VERTEX
  8
AXES
 62
7
  6
CONTINUOUS
 10
113.2169744994
 20
154.0735047473
  0
VERTEX
  8
AXES
 62
7
  6
CONTINUOUS
 10
112.3750758475
 20
154.5777061124
  0
VERTEX
  8
AXES
 62
7
  6
CONTINUOUS
 10
111.4881064928
 20
154.997587614
  0
VERTEX
  8
AXES
 62
7
  6
CONTINUOUS
 10
110.5640181419
 20
155.3278575155
  0
VERTEX
  8
AXES
 62
7
  6
CONTINUOUS
 10
109.6121753893
 20
155.5666350336
  0
VERTEX
  8
AXES
 62
7
  6
CONTINUOUS
 10
108.6460952938
 20
155.7098198858
  0
VERTEX
  8
AXES
 62
7
  6
CONTINUOUS
 10
107.6612721692
 20
155.758778833
  0
SEQEND
  0
POLYLINE
  8
AXES
 62
7
  6
CONTINUOUS
 66
1
 70
0
  0
VERTEX
  8
AXES
 62
7
  6
CONTINUOUS
 10
118.4112721692
 20
145.741117851
  0
VERTEX
  8
AXES
 62
7
  6
CONTINUOUS
 10
118.3591364904
 20
146.7947468954
  0
VERTEX
  8
AXES
 62
7
  6
CONTINUOUS
 10
118.2047139335
 20
147.8383017398
  0
VERTEX
  8
AXES
 62
7
  6
CONTINUOUS
 10
117.948023564
 20
148.8615146111
  0
VERTEX
  8
AXES
 62
7
  6
CONTINUOUS
 10
117.5929771437
 20
149.8548920279
  0
VERTEX
  8
AXES
 62
7
  6
CONTINUOUS
 10
117.1415965503
 20
150.8083672292
  0
VERTEX
  8
AXES
 62
7
  6
CONTINUOUS
 10
116.5995705014
 20
151.7133922814
  0
VERTEX
  8
AXES
 62
7
  6
CONTINUOUS
 10
115.9708459873
 20
152.5604882954
  0
VERTEX
  8
AXES
 62
7
  6
CONTINUOUS
 10
115.2626700669
 20
153.3423813779
  0
VERTEX
  8
AXES
 62
7
  6
CONTINUOUS
 10
114.4807631626
 20
154.0505447798
  0
VERTEX
  8
AXES
 62
7
  6
CONTINUOUS
 10
113.6336521741
 20
154.6792581798
  0
VERTEX
  8
AXES
 62
7
  6
CONTINUOUS
 10
112.7286111233
 20
155.2212746473
  0
VERTEX
  8
AXES
 62
7
  6
CONTINUOUS
 10
111.7751190671
 20
155.6726472615
  0
VERTEX
  8
AXES
 62
7
  6
CONTINUOUS
 10
110.7817240899
 20
156.0276874056
  0
VERTEX
  8
AXES
 62
7
  6
CONTINUOUS
 10
109.7584931308
 20
156.2843732376
  0
VERTEX
  8
AXES
 62
7
  6
CONTINUOUS
 10
108.7199570282
 20
156.4382969537
  0
VERTEX
  8
AXES
 62
7
  6
CONTINUOUS
 10
107.6612721692
 20
156.4909278219
  0
SEQEND
  0
POLYLINE
  8
AXES
 62
7
  6
CONTINUOUS
 66
1
 70
0
  0
VERTEX
  8
AXES
 62
7
  6
CONTINUOUS
 10
120.1612721692
 20
145.6162535782
  0
VERTEX
  8
AXES
 62
7
  6
CONTINUOUS
 10
120.1079493729
 20
146.7695876835
  0
VERTEX
  8
AXES
 62
7
  6
CONTINUOUS
 10
119.9481010032
 20
147.913019344
  0
VERTEX
  8
AXES
 62
7
  6
CONTINUOUS
 10
119.6840927088
 20
149.0369804844
  0
VERTEX
  8
AXES
 62
7
  6
CONTINUOUS
 10
119.316857331
 20
150.1315715064
  0
VERTEX
  8
AXES
 62
7
  6
CONTINUOUS
 10
118.8508133111
 20
151.1878845332
  0
VERTEX
  8
AXES
 62
7
  6
CONTINUOUS
 10
118.2886966855
 20
152.1963599323
  0
VERTEX
  8
AXES
 62
7
  6
CONTINUOUS
 10
117.6364875102
 20
153.1490533723
  0
VERTEX
  8
AXES
 62
7
  6
CONTINUOUS
 10
116.8986318443
 20
154.0370707282
  0
VERTEX
  8
AXES
 62
7
  6
CONTINUOUS
 10
116.0824677147
 20
154.853701749
  0
VERTEX
  8
AXES
 62
7
  6
CONTINUOUS
 10
115.1939997983
 20
155.5910206957
  0
VERTEX
  8
AXES
 62
7
  6
CONTINUOUS
 10
114.2416742051
 20
156.2437799073
  0
VERTEX
  8
AXES
 62
7
  6
CONTINUOUS
 10
113.2328497474
 20
156.8052919325
  0
VERTEX
  8
AXES
 62
7
  6
CONTINUOUS
 10
112.1767929965
 20
157.2719504029
  0
VERTEX
  8
AXES
 62
7
  6
CONTINUOUS
 10
111.0819663044
 20
157.6385338879
  0
VERTEX
  8
AXES
 62
7
  6
CONTINUOUS
 10
109.9581411419
 20
157.9032001225
  0
VERTEX
  8
AXES
 62
7
  6
CONTINUOUS
 10
108.8194837953
 20
158.0619185218
  0
VERTEX
  8
AXES
 62
7
  6
CONTINUOUS
 10
107.6612721692
 20
158.1160326141
  0
SEQEND
  0
LINE
  8
FILETAGES
 62
7
  6
CONTINUOUS
 10
119.6498991919
 20
146.1385681038
 11
119.6458167007
 21
146.254817517
  0
LINE
  8
FILETAGES
 62
7
  6
CONTINUOUS
 10
119.6532535157
 20
146.054861129
 11
119.6498991919
 21
146.1682976926
  0
LINE
  8
FILETAGES
 62
7
  6
CONTINUOUS
 10
119.6547115095
 20
146.0129993702
 11
119.6532535157
 21
146.0845907178
  0
LINE
  8
FILETAGES
 62
7
  6
CONTINUOUS
 10
119.6570220925
 20
145.9355969229
 11
119.6547115094
 21
146.0427289646
  0
LINE
  8
FILETAGES
 62
7
  6
CONTINUOUS
 10
119.6580637463
 20
145.8937227361
 11
119.6570220925
 21
145.9653265117
  0
LINE
  8
FILETAGES
 62
7
  6
CONTINUOUS
 10
119.6597085116
 20
145.8099647301
 11
119.6580637463
 21
145.9234523249
  0
LINE
  8
FILETAGES
 62
7
  6
CONTINUOUS
 10
119.66076849
 20
145.726197283
 11
119.6597085116
 21
145.8396943189
  0
LINE
  8
FILETAGES
 62
7
  6
CONTINUOUS
 10
119.6612353355
 20
145.6459853101
 11
119.66076849
 21
145.7559268717
  0
LINE
  8
FILETAGES
 62
7
  6
CONTINUOUS
 10
119.66124363
 20
145.590082679
 11
119.6611990611
 21
145.6878702435
  0
LINE
  8
FILETAGES
 62
7
  6
CONTINUOUS
 10
119.6606142016
 20
145.5203239789
 11
119.6612353355
 21
145.6162514338
  0
POLYLINE
  8
AXES
 62
7
  6
CONTINUOUS
 66
1
 70
0
  0
VERTEX
  8
AXES
 62
7
  6
CONTINUOUS
 10
118.6359474379
 20
174.3721424652
  0
VERTEX
  8
AXES
 62
7
  6
CONTINUOUS
 10
118.6079240328
 20
173.8058097516
  0
VERTEX
  8
AXES
 62
7
  6
CONTINUOUS
 10
118.4499102536
 20
172.7379910067
  0
VERTEX
  8
AXES
 62
7
  6
CONTINUOUS
 10
118.1872503406
 20
171.6909872103
  0
VERTEX
  8
AXES
 62
7
  6
CONTINUOUS
 10
117.8239470268
 20
170.6745125783
  0
VERTEX
  8
AXES
 62
7
  6
CONTINUOUS
 10
117.3620692104
 20
169.6988679362
  0
VERTEX
  8
AXES
 62
7
  6
CONTINUOUS
 10
116.8074379045
 20
168.7727999672
  0
SEQEND
  0
POLYLINE
  8
0
 62
7
  6
CONTINUOUS
 66
1
 70
0
  0
VERTEX
  8
0
 62
7
  6
CONTINUOUS
 10
118.6589884246
 20
174.3710023458
  0
VERTEX
  8
0
 62
7
  6
CONTINUOUS
 10
118.5900848935
 20
173.113286197
  0
VERTEX
  8
0
 62
7
  6
CONTINUOUS
 10
118.378448339
 20
171.8856095138
  0
VERTEX
  8
0
 62
7
  6
CONTINUOUS
 10
118.0410612034
 20
170.705400309
  0
VERTEX
  8
0
 62
7
  6
CONTINUOUS
 10
117.5860452299
 20
169.599390749
  0
VERTEX
  8
0
 62
7
  6
CONTINUOUS
 10
117.0343854352
 20
168.5756313536
  0
SEQEND
  0
POLYLINE
  8
AXES
 62
7
  6
CONTINUOUS
 66
1
 70
0
  0
VERTEX
  8
AXES
 62
7
  6
CONTINUOUS
 10
116.6612721692
 20
168.0464836475
  0
VERTEX
  8
AXES
 62
7
  6
CONTINUOUS
 10
116.6438343447
 20
168.0178871385
  0
VERTEX
  8
AXES
 62
7
  6
CONTINUOUS
 10
116.5844317297
 20
167.9307107654
  0
VERTEX
  8
AXES
 62
7
  6
CONTINUOUS
 10
116.4815199141
 20
167.7862236149
  0
VERTEX
  8
AXES
 62
7
  6
CONTINUOUS
 10
116.3321334084
 20
167.5862195468
  0
VERTEX
  8
AXES
 62
7
  6
CONTINUOUS
 10
116.1308272125
 20
167.3317632832
  0
VERTEX
  8
AXES
 62
7
  6
CONTINUOUS
 10
115.8771947222
 20
167.0323114587
  0
VERTEX
  8
AXES
 62
7
  6
CONTINUOUS
 10
115.5691029422
 20
166.6961207597
  0
VERTEX
  8
AXES
 62
7
  6
CONTINUOUS
 10
115.2047726292
 20
166.3324040256
  0
VERTEX
  8
AXES
 62
7
  6
CONTINUOUS
 10
114.780815195
 20
165.9491811022
  0
VERTEX
  8
AXES
 62
7
  6
CONTINUOUS
 10
114.3023139069
 20
165.5615610017
  0
VERTEX
  8
AXES
 62
7
  6
CONTINUOUS
 10
113.7755756046
 20
165.1829685494
  0
VERTEX
  8
AXES
 62
7
  6
CONTINUOUS
 10
113.2032070873
 20
164.8219257308
  0
VERTEX
  8
AXES
 62
7
  6
CONTINUOUS
 10
112.5912534387
 20
164.4875830364
  0
VERTEX
  8
AXES
 62
7
  6
CONTINUOUS
 10
111.9435620727
 20
164.1861660762
  0
VERTEX
  8
AXES
 62
7
  6
CONTINUOUS
 10
111.266756623
 20
163.9238693371
  0
VERTEX
  8
AXES
 62
7
  6
CONTINUOUS
 10
110.5641720654
 20
163.7043343801
  0
VERTEX
  8
AXES
 62
7
  6
CONTINUOUS
 10
109.8367983426
 20
163.5302484591
  0
VERTEX
  8
AXES
 62
7
  6
CONTINUOUS
 10
109.1014301396
 20
163.4066424764
  0
VERTEX
  8
AXES
 62
7
  6
CONTINUOUS
 10
108.3767828358
 20
163.3346630459
  0
VERTEX
  8
AXES
 62
7
  6
CONTINUOUS
 10
107.6612721692
 20
163.3111893098
  0
SEQEND
  0
LINE
  8
0
 62
7
  6
CONTINUOUS
 10
117.0343854352
 20
168.5756313536
 11
116.4049568828
 21
167.6525685808
  0
POLYLINE
  8
AXES
 62
7
  6
CONTINUOUS
 66
1
 70
0
  0
VERTEX
  8
AXES
 62
7
  6
CONTINUOUS
 10
116.8074379045
 20
168.7727999672
  0
VERTEX
  8
AXES
 62
7
  6
CONTINUOUS
 10
116.1640918901
 20
167.906007956
  0
VERTEX
  8
AXES
 62
7
  6
CONTINUOUS
 10
115.4394467622
 20
167.1059349225
  0
VERTEX
  8
AXES
 62
7
  6
CONTINUOUS
 10
114.6393559764
 20
166.381305873
  0
VERTEX
  8
AXES
 62
7
  6
CONTINUOUS
 10
113.7725447324
 20
165.7379741331
  0
VERTEX
  8
AXES
 62
7
  6
CONTINUOUS
 10
112.8464562153
 20
165.1833551334
  0
VERTEX
  8
AXES
 62
7
  6
CONTINUOUS
 10
111.8707899252
 20
164.7214875651
  0
VERTEX
  8
AXES
 62
7
  6
CONTINUOUS
 10
110.8542927392
 20
164.3581923122
  0
VERTEX
  8
AXES
 62
7
  6
CONTINUOUS
 10
109.8072657113
 20
164.0955382271
  0
VERTEX
  8
AXES
 62
7
  6
CONTINUOUS
 10
108.7445776063
 20
163.9380356002
  0
VERTEX
  8
AXES
 62
7
  6
CONTINUOUS
 10
107.6612721692
 20
163.8841810013
  0
SEQEND
  0
LINE
  8
AXES
 62
7
  6
CONTINUOUS
 10
116.6439772089
 20
168.0257970588
 11
116.6612721692
 21
168.0464836475
  0
POLYLINE
  8
0
 62
7
  6
CONTINUOUS
 66
1
 70
0
  0
VERTEX
  8
0
 62
7
  6
CONTINUOUS
 10
116.4049568828
 20
167.6525685808
  0
VERTEX
  8
0
 62
7
  6
CONTINUOUS
 10
115.7122111746
 20
166.8257467826
  0
VERTEX
  8
0
 62
7
  6
CONTINUOUS
 10
114.9736400288
 20
166.0986507434
  0
VERTEX
  8
0
 62
7
  6
CONTINUOUS
 10
114.1989981592
 20
165.465905624
  0
VERTEX
  8
0
 62
7
  6
CONTINUOUS
 10
113.4016855342
 20
164.9251024616
  0
VERTEX
  8
0
 62
7
  6
CONTINUOUS
 10
112.5882581073
 20
164.4708284112
  0
VERTEX
  8
0
 62
7
  6
CONTINUOUS
 10
111.7693237732
 20
164.0986751062
  0
VERTEX
  8
0
 62
7
  6
CONTINUOUS
 10
110.9461266763
 20
163.8032201478
  0
VERTEX
  8
0
 62
7
  6
CONTINUOUS
 10
110.123573157
 20
163.578484392
  0
VERTEX
  8
0
 62
7
  6
CONTINUOUS
 10
109.3012845224
 20
163.4217297072
  0
VERTEX
  8
0
 62
7
  6
CONTINUOUS
 10
108.4806746207
 20
163.3276335164
  0
VERTEX
  8
0
 62
7
  6
CONTINUOUS
 10
107.6612721692
 20
163.2979700121
  0
SEQEND
  0
POLYLINE
  8
FILETAGES
 62
7
  6
CONTINUOUS
 66
1
 70
0
  0
VERTEX
  8
FILETAGES
 62
7
  6
CONTINUOUS
 10
100.6078491417
 20
155.3540154863
  0
VERTEX
  8
FILETAGES
 62
7
  6
CONTINUOUS
 10
100.4060827908
 20
155.2041732189
  0
VERTEX
  8
FILETAGES
 62
7
  6
CONTINUOUS
 10
100.2074988058
 20
155.0501384135
  0
VERTEX
  8
FILETAGES
 62
7
  6
CONTINUOUS
 10
99.9799557753
 20
154.8652224775
  0
VERTEX
  8
FILETAGES
 62
7
  6
CONTINUOUS
 10
99.7885638213
 20
154.7023380365
  0
VERTEX
  8
FILETAGES
 62
7
  6
CONTINUOUS
 10
99.5696435182
 20
154.5072906092
  0
VERTEX
  8
FILETAGES
 62
7
  6
CONTINUOUS
 10
99.3599350735
 20
154.3111518193
  0
SEQEND
  0
POLYLINE
  8
FILETAGES
 62
7
  6
CONTINUOUS
 66
1
 70
0
  0
VERTEX
  8
FILETAGES
 62
7
  6
CONTINUOUS
 10
100.6078491417
 20
155.3242858975
  0
VERTEX
  8
FILETAGES
 62
7
  6
CONTINUOUS
 10
100.4060827908
 20
155.1744436301
  0
VERTEX
  8
FILETAGES
 62
7
  6
CONTINUOUS
 10
100.2074988058
 20
155.0204088247
  0
VERTEX
  8
FILETAGES
 62
7
  6
CONTINUOUS
 10
99.9799557753
 20
154.8354928888
  0
VERTEX
  8
FILETAGES
 62
7
  6
CONTINUOUS
 10
99.7885638213
 20
154.6726084477
  0
VERTEX
  8
FILETAGES
 62
7
  6
CONTINUOUS
 10
99.5696435182
 20
154.4775610205
  0
VERTEX
  8
FILETAGES
 62
7
  6
CONTINUOUS
 10
99.3599350735
 20
154.2814222305
  0
SEQEND
  0
POLYLINE
  8
FILETAGES
 62
7
  6
CONTINUOUS
 66
1
 70
0
  0
VERTEX
  8
FILETAGES
 62
7
  6
CONTINUOUS
 10
100.7045044537
 20
155.3937789807
  0
VERTEX
  8
FILETAGES
 62
7
  6
CONTINUOUS
 10
100.6704163005
 20
155.3694361908
  0
VERTEX
  8
FILETAGES
 62
7
  6
CONTINUOUS
 10
100.607849139
 20
155.3242858956
  0
SEQEND
  0
POLYLINE
  8
FILETAGES
 62
7
  6
CONTINUOUS
 66
1
 70
0
  0
VERTEX
  8
FILETAGES
 62
7
  6
CONTINUOUS
 10
101.2902265057
 20
155.7851336154
  0
VERTEX
  8
FILETAGES
 62
7
  6
CONTINUOUS
 10
101.2193889101
 20
155.740408665
  0
VERTEX
  8
FILETAGES
 62
7
  6
CONTINUOUS
 10
101.1137222821
 20
155.6723967328
  0
VERTEX
  8
FILETAGES
 62
7
  6
CONTINUOUS
 10
101.0087736667
 20
155.6032820312
  0
VERTEX
  8
FILETAGES
 62
7
  6
CONTINUOUS
 10
100.9045545728
 20
155.5330721394
  0
VERTEX
  8
FILETAGES
 62
7
  6
CONTINUOUS
 10
100.8010764291
 20
155.4617747567
  0
VERTEX
  8
FILETAGES
 62
7
  6
CONTINUOUS
 10
100.7045044658
 20
155.3937789893
  0
SEQEND
  0
POLYLINE
  8
0
 62
7
  6
CONTINUOUS
 66
1
 70
0
  0
VERTEX
  8
0
 62
7
  6
CONTINUOUS
 10
107.6612721692
 20
185.4440346242
  0
VERTEX
  8
0
 62
7
  6
CONTINUOUS
 10
108.4805323513
 20
185.4143600612
  0
VERTEX
  8
0
 62
7
  6
CONTINUOUS
 10
109.3008279869
 20
185.3203442114
  0
VERTEX
  8
0
 62
7
  6
CONTINUOUS
 10
110.1225661128
 20
185.1637670083
  0
VERTEX
  8
0
 62
7
  6
CONTINUOUS
 10
110.9445256181
 20
184.9392886515
  0
VERTEX
  8
0
 62
7
  6
CONTINUOUS
 10
111.7671711977
 20
184.6442369384
  0
VERTEX
  8
0
 62
7
  6
CONTINUOUS
 10
112.5858524716
 20
184.2723890092
  0
VERTEX
  8
0
 62
7
  6
CONTINUOUS
 10
113.3996624353
 20
183.8181648034
  0
VERTEX
  8
0
 62
7
  6
CONTINUOUS
 10
114.1978356572
 20
183.2769637211
  0
VERTEX
  8
0
 62
7
  6
CONTINUOUS
 10
114.9740162002
 20
182.642905207
  0
VERTEX
  8
0
 62
7
  6
CONTINUOUS
 10
115.7140685757
 20
181.9142490663
  0
VERTEX
  8
0
 62
7
  6
CONTINUOUS
 10
116.4074574801
 20
181.0861101945
  0
VERTEX
  8
0
 62
7
  6
CONTINUOUS
 10
117.0370264206
 20
180.1620427645
  0
VERTEX
  8
0
 62
7
  6
CONTINUOUS
 10
117.5882943654
 20
179.1380273515
  0
VERTEX
  8
0
 62
7
  6
CONTINUOUS
 10
118.0426996277
 20
178.0318996435
  0
VERTEX
  8
0
 62
7
  6
CONTINUOUS
 10
118.3796243409
 20
176.8510576659
  0
VERTEX
  8
0
 62
7
  6
CONTINUOUS
 10
118.5907560132
 20
175.6227949806
  0
VERTEX
  8
0
 62
7
  6
CONTINUOUS
 10
118.6589884246
 20
174.3710023458
  0
SEQEND
  0
LINE
  8
FILETAGES
 62
7
  6
CONTINUOUS
 10
119.5741520654
 20
147.0595896184
 11
119.551530957
 21
147.2354056002
  0
LINE
  8
FILETAGES
 62
7
  6
CONTINUOUS
 10
119.5751730506
 20
147.080867481
 11
119.5700916975
 21
147.122445279
  0
LINE
  8
FILETAGES
 62
7
  6
CONTINUOUS
 10
119.59314332
 20
146.8931220906
 11
119.5751730506
 21
147.080867481
  0
LINE
  8
0
 62
7
  6
CONTINUOUS
 10
121.1612721692
 20
134.1164539208
 11
121.1612721692
 21
187.9606328756
  0
LINE
  8
AXES
 62
7
  6
CONTINUOUS
 10
121.1612721692
 20
187.9606328756
 11
121.1612721692
 21
188.0205862722
  0
LINE
  8
FILETAGES
 62
7
  6
CONTINUOUS
 10
119.6603901139
 20
145.4707620016
 11
119.661079167
 21
145.5481958672
  0
LINE
  8
FILETAGES
 62
7
  6
CONTINUOUS
 10
119.6598091419
 20
145.4288788903
 11
119.6601024573
 21
145.4784399646
  0
LINE
  8
FILETAGES
 62
7
  6
CONTINUOUS
 10
119.6582086114
 20
145.3451200274
 11
119.659444511
 21
145.4365579918
  0
LINE
  8
FILETAGES
 62
7
  6
CONTINUOUS
 10
119.6560233672
 20
145.2613743792
 11
119.6586403709
 21
145.3946785705
  0
LINE
  8
FILETAGES
 62
7
  6
CONTINUOUS
 10
119.6531493009
 20
145.1748059968
 11
119.6560233672
 21
145.291103968
  0
LINE
  8
FILETAGES
 62
7
  6
CONTINUOUS
 10
119.6497751524
 20
145.0910998187
 11
119.6531493009
 21
145.2045355856
  0
LINE
  8
FILETAGES
 62
7
  6
CONTINUOUS
 10
119.6458167011
 20
145.0074192359
 11
119.6497751524
 21
145.1208294075
  0
LINE
  8
FILETAGES
 62
7
  6
CONTINUOUS
 10
119.6393018244
 20
144.8904526737
 11
119.6458167003
 21
145.037148808
  0
LINE
  8
FILETAGES
 62
7
  6
CONTINUOUS
 10
119.6310444967
 20
144.7650633464
 11
119.6393018244
 21
144.9201822625
  0
LINE
  8
FILETAGES
 62
7
  6
CONTINUOUS
 10
119.6214745486
 20
144.6397673617
 11
119.6310444967
 21
144.7947929352
  0
LINE
  8
FILETAGES
 62
7
  6
CONTINUOUS
 10
119.6143658619
 20
144.556295348
 11
119.6214745486
 21
144.6694969505
  0
LINE
  8
FILETAGES
 62
7
  6
CONTINUOUS
 10
119.6026106163
 20
144.4311854621
 11
119.6143658619
 21
144.5860249367
  0
LINE
  8
FILETAGES
 62
7
  6
CONTINUOUS
 10
119.594046199
 20
144.3478502231
 11
119.6026106163
 21
144.4609150509
  0
LINE
  8
FILETAGES
 62
7
  6
CONTINUOUS
 10
119.5875417035
 20
144.288084678
 11
119.5940461987
 21
144.377579809
  0
LINE
  8
FILETAGES
 62
7
  6
CONTINUOUS
 10
119.577978612
 20
144.2048581243
 11
119.5875417035
 21
144.3178142668
  0
LINE
  8
FILETAGES
 62
7
  6
CONTINUOUS
 10
119.5729792347
 20
144.1632703901
 11
119.577978612
 21
144.2345877131
  0
LINE
  8
FILETAGES
 62
7
  6
CONTINUOUS
 10
119.5625451216
 20
144.0801485407
 11
119.5729792347
 21
144.1929999789
  0
LINE
  8
FILETAGES
 62
7
  6
CONTINUOUS
 10
119.5515309573
 20
143.9971015589
 11
119.5625451216
 21
144.1098781295
  0
POLYLINE
  8
FILETAGES
 62
7
  6
CONTINUOUS
 66
1
 70
0
  0
VERTEX
  8
FILETAGES
 62
7
  6
CONTINUOUS
 10
119.5254397743
 20
143.8455908662
  0
VERTEX
  8
FILETAGES
 62
7
  6
CONTINUOUS
 10
119.5377198824
 20
143.9284601187
  0
VERTEX
  8
FILETAGES
 62
7
  6
CONTINUOUS
 10
119.5515309596
 20
144.0268311646
  0
SEQEND
  0
POLYLINE
  8
FILETAGES
 62
7
  6
CONTINUOUS
 66
1
 70
0
  0
VERTEX
  8
FILETAGES
 62
7
  6
CONTINUOUS
 10
101.9853155552
 20
156.2185686846
  0
VERTEX
  8
FILETAGES
 62
7
  6
CONTINUOUS
 10
101.7651409471
 20
156.0973837765
  0
VERTEX
  8
FILETAGES
 62
7
  6
CONTINUOUS
 10
101.5475525769
 20
155.9716145387
  0
VERTEX
  8
FILETAGES
 62
7
  6
CONTINUOUS
 10
101.2970954599
 20
155.8191633864
  0
VERTEX
  8
FILETAGES
 62
7
  6
CONTINUOUS
 10
101.0854364511
 20
155.683653335
  0
VERTEX
  8
FILETAGES
 62
7
  6
CONTINUOUS
 10
100.8421529242
 20
155.5199978382
  0
VERTEX
  8
FILETAGES
 62
7
  6
CONTINUOUS
 10
100.6078490865
 20
155.3540154462
  0
SEQEND
  0
POLYLINE
  8
FILETAGES
 62
7
  6
CONTINUOUS
 66
1
 70
0
  0
VERTEX
  8
FILETAGES
 62
7
  6
CONTINUOUS
 10
101.9853155552
 20
156.1888390959
  0
VERTEX
  8
FILETAGES
 62
7
  6
CONTINUOUS
 10
101.8749109813
 20
156.1288230526
  0
VERTEX
  8
FILETAGES
 62
7
  6
CONTINUOUS
 10
101.7651409471
 20
156.0676541877
  0
VERTEX
  8
FILETAGES
 62
7
  6
CONTINUOUS
 10
101.6560174901
 20
156.005339209
  0
VERTEX
  8
FILETAGES
 62
7
  6
CONTINUOUS
 10
101.5475525769
 20
155.9418849499
  0
VERTEX
  8
FILETAGES
 62
7
  6
CONTINUOUS
 10
101.4397581021
 20
155.877298369
  0
VERTEX
  8
FILETAGES
 62
7
  6
CONTINUOUS
 10
101.2902265423
 20
155.7851336383
  0
SEQEND
  0
POLYLINE
  8
FILETAGES
 62
7
  6
CONTINUOUS
 66
1
 70
0
  0
VERTEX
  8
FILETAGES
 62
7
  6
CONTINUOUS
 10
102.1672801776
 20
156.2845256103
  0
VERTEX
  8
FILETAGES
 62
7
  6
CONTINUOUS
 10
102.0929347617
 20
156.2459113218
  0
VERTEX
  8
FILETAGES
 62
7
  6
CONTINUOUS
 10
102.0558636002
 20
156.2264097811
  0
VERTEX
  8
FILETAGES
 62
7
  6
CONTINUOUS
 10
101.9853155599
 20
156.1888390984
  0
SEQEND
  0
LINE
  8
FILETAGES
 62
7
  6
CONTINUOUS
 10
102.2418933629
 20
156.3226199422
 11
102.1672801776
 21
156.2845256103
  0
POLYLINE
  8
FILETAGES
 62
7
  6
CONTINUOUS
 66
1
 70
0
  0
VERTEX
  8
FILETAGES
 62
7
  6
CONTINUOUS
 10
102.3238293785
 20
156.3934303365
  0
VERTEX
  8
FILETAGES
 62
7
  6
CONTINUOUS
 10
102.2489273956
 20
156.35590701
  0
VERTEX
  8
FILETAGES
 62
7
  6
CONTINUOUS
 10
102.1742892028
 20
156.317861697
  0
VERTEX
  8
FILETAGES
 62
7
  6
CONTINUOUS
 10
102.137070165
 20
156.298643874
  0
VERTEX
  8
FILETAGES
 62
7
  6
CONTINUOUS
 10
102.062834474
 20
156.2598190657
  0
VERTEX
  8
FILETAGES
 62
7
  6
CONTINUOUS
 10
101.9853155378
 20
156.2185686753
  0
SEQEND
  0
LINE
  8
FILETAGES
 62
7
  6
CONTINUOUS
 10
102.3341551764
 20
156.3688224274
 11
102.2418933629
 21
156.3226199422
  0
LINE
  8
FILETAGES
 62
7
  6
CONTINUOUS
 10
102.4093528034
 20
156.4354793166
 11
102.3238293785
 21
156.3934303365
  0
LINE
  8
FILETAGES
 62
7
  6
CONTINUOUS
 10
102.4093528034
 20
156.4057497279
 11
102.3341551764
 21
156.3688224274
  0
POLYLINE
  8
FILETAGES
 62
7
  6
CONTINUOUS
 66
1
 70
0
  0
VERTEX
  8
FILETAGES
 62
7
  6
CONTINUOUS
 10
102.691124746
 20
156.5681357455
  0
VERTEX
  8
FILETAGES
 62
7
  6
CONTINUOUS
 10
102.6149941269
 20
156.5331723009
  0
VERTEX
  8
FILETAGES
 62
7
  6
CONTINUOUS
 10
102.5770208166
 20
156.5154914862
  0
VERTEX
  8
FILETAGES
 62
7
  6
CONTINUOUS
 10
102.5012605079
 20
156.4797327493
  0
VERTEX
  8
FILETAGES
 62
7
  6
CONTINUOUS
 10
102.4093528034
 20
156.4354793166
  0
SEQEND
  0
POLYLINE
  8
FILETAGES
 62
7
  6
CONTINUOUS
 66
1
 70
0
  0
VERTEX
  8
FILETAGES
 62
7
  6
CONTINUOUS
 10
102.691124746
 20
156.5384061568
  0
VERTEX
  8
FILETAGES
 62
7
  6
CONTINUOUS
 10
102.6149941269
 20
156.5034427121
  0
VERTEX
  8
FILETAGES
 62
7
  6
CONTINUOUS
 10
102.5770208166
 20
156.4857618974
  0
VERTEX
  8
FILETAGES
 62
7
  6
CONTINUOUS
 10
102.5012605079
 20
156.4500031605
  0
VERTEX
  8
FILETAGES
 62
7
  6
CONTINUOUS
 10
102.4093528034
 20
156.4057497279
  0
SEQEND
  0
LINE
  8
FILETAGES
 62
7
  6
CONTINUOUS
 10
102.7674976031
 20
156.6025668599
 11
102.691124746
 21
156.5681357455
  0
LINE
  8
FILETAGES
 62
7
  6
CONTINUOUS
 10
102.7674976031
 20
156.5728372711
 11
102.691124746
 21
156.5384061568
  0
POLYLINE
  8
FILETAGES
 62
7
  6
CONTINUOUS
 66
1
 70
0
  0
VERTEX
  8
FILETAGES
 62
7
  6
CONTINUOUS
 10
103.3787981346
 20
156.8556206969
  0
VERTEX
  8
FILETAGES
 62
7
  6
CONTINUOUS
 10
103.3006437146
 20
156.8254509884
  0
VERTEX
  8
FILETAGES
 62
7
  6
CONTINUOUS
 10
103.1838117676
 20
156.7791752585
  0
VERTEX
  8
FILETAGES
 62
7
  6
CONTINUOUS
 10
103.1061957943
 20
156.7476461865
  0
VERTEX
  8
FILETAGES
 62
7
  6
CONTINUOUS
 10
102.9901892784
 20
156.6993385421
  0
VERTEX
  8
FILETAGES
 62
7
  6
CONTINUOUS
 10
102.8746949995
 20
156.6498187726
  0
VERTEX
  8
FILETAGES
 62
7
  6
CONTINUOUS
 10
102.7674976183
 20
156.6025668667
  0
SEQEND
  0
LINE
  8
FILETAGES
 62
7
  6
CONTINUOUS
 10
103.4598232654
 20
156.8862394014
 11
103.3787981272
 21
156.855620694
  0
POLYLINE
  8
FILETAGES
 62
7
  6
CONTINUOUS
 66
1
 70
0
  0
VERTEX
  8
FILETAGES
 62
7
  6
CONTINUOUS
 10
103.577761251
 20
156.9296189792
  0
VERTEX
  8
FILETAGES
 62
7
  6
CONTINUOUS
 10
103.5383981935
 20
156.9152963742
  0
VERTEX
  8
FILETAGES
 62
7
  6
CONTINUOUS
 10
103.4598232654
 20
156.8862394014
  0
SEQEND
  0
POLYLINE
  8
AXES
 62
7
  6
CONTINUOUS
 66
1
 70
0
  0
VERTEX
  8
AXES
 62
7
  6
CONTINUOUS
 10
84.4752805428
 20
149.0977138255
  0
VERTEX
  8
AXES
 62
7
  6
CONTINUOUS
 10
84.5596633864
 20
149.1276338889
  0
VERTEX
  8
AXES
 62
7
  6
CONTINUOUS
 10
84.6356680899
 20
149.174951032
  0
VERTEX
  8
AXES
 62
7
  6
CONTINUOUS
 10
84.6987123465
 20
149.2385197742
  0
VERTEX
  8
AXES
 62
7
  6
CONTINUOUS
 10
84.7466597163
 20
149.3141276691
  0
VERTEX
  8
AXES
 62
7
  6
CONTINUOUS
 10
84.7753883394
 20
149.3966061591
  0
SEQEND
  0
POLYLINE
  8
FILETAGES
 62
7
  6
CONTINUOUS
 66
1
 70
0
  0
VERTEX
  8
FILETAGES
 62
7
  6
CONTINUOUS
 10
103.7693179233
 20
156.9971124807
  0
VERTEX
  8
FILETAGES
 62
7
  6
CONTINUOUS
 10
103.6901661783
 20
156.9696655963
  0
VERTEX
  8
FILETAGES
 62
7
  6
CONTINUOUS
 10
103.6506626448
 20
156.9557351069
  0
VERTEX
  8
FILETAGES
 62
7
  6
CONTINUOUS
 10
103.5777612457
 20
156.9296189772
  0
SEQEND
  0
LINE
  8
FILETAGES
 62
7
  6
CONTINUOUS
 10
103.8486593568
 20
157.0240061271
 11
103.7693179233
 21
156.9971124807
  0
LINE
  8
FILETAGES
 62
7
  6
CONTINUOUS
 10
103.938124123
 20
157.0535932466
 11
103.8486593568
 21
157.0240061271
  0
POLYLINE
  8
FILETAGES
 62
7
  6
CONTINUOUS
 66
1
 70
0
  0
VERTEX
  8
FILETAGES
 62
7
  6
CONTINUOUS
 10
104.0178557567
 20
157.0495774686
  0
VERTEX
  8
FILETAGES
 62
7
  6
CONTINUOUS
 10
103.8188681239
 20
156.984250858
  0
VERTEX
  8
FILETAGES
 62
7
  6
CONTINUOUS
 10
103.6210509245
 20
156.9154614452
  0
VERTEX
  8
FILETAGES
 62
7
  6
CONTINUOUS
 10
103.4244644157
 20
156.8432301843
  0
VERTEX
  8
FILETAGES
 62
7
  6
CONTINUOUS
 10
103.1902694032
 20
156.7520404844
  0
VERTEX
  8
FILETAGES
 62
7
  6
CONTINUOUS
 10
102.996600644
 20
156.672316072
  0
VERTEX
  8
FILETAGES
 62
7
  6
CONTINUOUS
 10
102.7674975794
 20
156.5728372606
  0
SEQEND
  0
LINE
  8
FILETAGES
 62
7
  6
CONTINUOUS
 10
104.0178557567
 20
157.0793070574
 11
103.938124123
 21
157.0535932466
  0
LINE
  8
0
 62
7
  6
CONTINUOUS
 10
121.1612721692
 20
187.9606328756
 11
94.1612721692
 21
187.9606328756
  0
LINE
  8
AXES
 62
7
  6
CONTINUOUS
 10
121.1612721692
 20
188.0205862722
 11
94.1612721692
 21
188.0205862722
  0
POLYLINE
  8
FILETAGES
 62
7
  6
CONTINUOUS
 66
1
 70
0
  0
VERTEX
  8
FILETAGES
 62
7
  6
CONTINUOUS
 10
119.4705433218
 20
143.5150316663
  0
VERTEX
  8
FILETAGES
 62
7
  6
CONTINUOUS
 10
119.4851325283
 20
143.5975257346
  0
VERTEX
  8
FILETAGES
 62
7
  6
CONTINUOUS
 10
119.4991454565
 20
143.6801196418
  0
VERTEX
  8
FILETAGES
 62
7
  6
CONTINUOUS
 10
119.5125814234
 20
143.7628093624
  0
SEQEND
  0
POLYLINE
  8
FILETAGES
 62
7
  6
CONTINUOUS
 66
1
 70
0
  0
VERTEX
  8
FILETAGES
 62
7
  6
CONTINUOUS
 10
119.0739503647
 20
141.908115196
  0
VERTEX
  8
FILETAGES
 62
7
  6
CONTINUOUS
 10
119.1730398636
 20
142.2282159879
  0
VERTEX
  8
FILETAGES
 62
7
  6
CONTINUOUS
 10
119.273782215
 20
142.5914747496
  0
VERTEX
  8
FILETAGES
 62
7
  6
CONTINUOUS
 10
119.3537129466
 20
142.9168886439
  0
VERTEX
  8
FILETAGES
 62
7
  6
CONTINUOUS
 10
119.4327340334
 20
143.2854825656
  0
VERTEX
  8
FILETAGES
 62
7
  6
CONTINUOUS
 10
119.493224614
 20
143.6150639935
  0
VERTEX
  8
FILETAGES
 62
7
  6
CONTINUOUS
 10
119.5515309507
 20
143.9971015104
  0
SEQEND
  0
POLYLINE
  8
FILETAGES
 62
7
  6
CONTINUOUS
 66
1
 70
0
  0
VERTEX
  8
FILETAGES
 62
7
  6
CONTINUOUS
 10
119.0739503647
 20
141.9378447848
  0
VERTEX
  8
FILETAGES
 62
7
  6
CONTINUOUS
 10
119.1491061396
 20
142.1776629146
  0
VERTEX
  8
FILETAGES
 62
7
  6
CONTINUOUS
 10
119.2192229707
 20
142.4190023643
  0
VERTEX
  8
FILETAGES
 62
7
  6
CONTINUOUS
 10
119.2946163679
 20
142.7023465723
  0
VERTEX
  8
FILETAGES
 62
7
  6
CONTINUOUS
 10
119.3537129466
 20
142.9466182327
  0
VERTEX
  8
FILETAGES
 62
7
  6
CONTINUOUS
 10
119.4161751644
 20
143.2330907669
  0
VERTEX
  8
FILETAGES
 62
7
  6
CONTINUOUS
 10
119.4705433339
 20
143.5150317334
  0
SEQEND
  0
LINE
  8
FILETAGES
 62
7
  6
CONTINUOUS
 10
119.0498716156
 20
141.8348124383
 11
119.0739503657
 21
141.9081151991
  0
LINE
  8
FILETAGES
 62
7
  6
CONTINUOUS
 10
119.0289640898
 20
141.772419812
 11
119.0498716156
 21
141.8348124383
  0
LINE
  8
FILETAGES
 62
7
  6
CONTINUOUS
 10
119.0081163441
 20
141.7113095129
 11
119.0289640898
 21
141.772419812
  0
POLYLINE
  8
FILETAGES
 62
7
  6
CONTINUOUS
 66
1
 70
0
  0
VERTEX
  8
FILETAGES
 62
7
  6
CONTINUOUS
 10
118.8252920495
 20
141.2158018407
  0
VERTEX
  8
FILETAGES
 62
7
  6
CONTINUOUS
 10
118.8557412323
 20
141.2938466276
  0
VERTEX
  8
FILETAGES
 62
7
  6
CONTINUOUS
 10
118.8856448125
 20
141.3721020825
  0
VERTEX
  8
FILETAGES
 62
7
  6
CONTINUOUS
 10
118.9150013325
 20
141.4505643914
  0
VERTEX
  8
FILETAGES
 62
7
  6
CONTINUOUS
 10
118.9438093617
 20
141.5292297301
  0
VERTEX
  8
FILETAGES
 62
7
  6
CONTINUOUS
 10
118.9720674959
 20
141.6080942646
  0
VERTEX
  8
FILETAGES
 62
7
  6
CONTINUOUS
 10
119.0081163406
 20
141.7113095027
  0
SEQEND
  0
POLYLINE
  8
FILETAGES
 62
7
  6
CONTINUOUS
 66
1
 70
0
  0
VERTEX
  8
FILETAGES
 62
7
  6
CONTINUOUS
 10
118.4677372299
 20
140.4287664238
  0
VERTEX
  8
FILETAGES
 62
7
  6
CONTINUOUS
 10
118.5746302687
 20
140.6562201738
  0
VERTEX
  8
FILETAGES
 62
7
  6
CONTINUOUS
 10
118.6767363479
 20
140.8858625988
  0
VERTEX
  8
FILETAGES
 62
7
  6
CONTINUOUS
 10
118.7897502889
 20
141.1564105692
  0
VERTEX
  8
FILETAGES
 62
7
  6
CONTINUOUS
 10
118.8813338063
 20
141.3904483483
  0
VERTEX
  8
FILETAGES
 62
7
  6
CONTINUOUS
 10
118.981958326
 20
141.6658443679
  0
VERTEX
  8
FILETAGES
 62
7
  6
CONTINUOUS
 10
119.0739503858
 20
141.9378448496
  0
SEQEND
  0
POLYLINE
  8
FILETAGES
 62
7
  6
CONTINUOUS
 66
1
 70
0
  0
VERTEX
  8
FILETAGES
 62
7
  6
CONTINUOUS
 10
118.2966567111
 20
140.08833046
  0
VERTEX
  8
FILETAGES
 62
7
  6
CONTINUOUS
 10
118.3351976404
 20
140.1627129714
  0
VERTEX
  8
FILETAGES
 62
7
  6
CONTINUOUS
 10
118.3732183376
 20
140.2373627297
  0
VERTEX
  8
FILETAGES
 62
7
  6
CONTINUOUS
 10
118.3920330191
 20
140.27478669
  0
VERTEX
  8
FILETAGES
 62
7
  6
CONTINUOUS
 10
118.4292699016
 20
140.3498304927
  0
VERTEX
  8
FILETAGES
 62
7
  6
CONTINUOUS
 10
118.4677372385
 20
140.4287664416
  0
SEQEND
  0
POLYLINE
  8
FILETAGES
 62
7
  6
CONTINUOUS
 66
1
 70
0
  0
VERTEX
  8
FILETAGES
 62
7
  6
CONTINUOUS
 10
118.2324240983
 20
139.9373798606
  0
VERTEX
  8
FILETAGES
 62
7
  6
CONTINUOUS
 10
118.3299258249
 20
140.1227335593
  0
VERTEX
  8
FILETAGES
 62
7
  6
CONTINUOUS
 10
118.4426356495
 20
140.3473618539
  0
VERTEX
  8
FILETAGES
 62
7
  6
CONTINUOUS
 10
118.532950061
 20
140.5363217429
  0
VERTEX
  8
FILETAGES
 62
7
  6
CONTINUOUS
 10
118.6369536685
 20
140.7651110744
  0
VERTEX
  8
FILETAGES
 62
7
  6
CONTINUOUS
 10
118.7361429793
 20
140.9960282774
  0
VERTEX
  8
FILETAGES
 62
7
  6
CONTINUOUS
 10
118.8252920632
 20
141.2158018753
  0
SEQEND
  0
LINE
  8
FILETAGES
 62
7
  6
CONTINUOUS
 10
118.2521830142
 20
140.0040436012
 11
118.2966567111
 21
140.08833046
  0
POLYLINE
  8
FILETAGES
 62
7
  6
CONTINUOUS
 66
1
 70
0
  0
VERTEX
  8
FILETAGES
 62
7
  6
CONTINUOUS
 10
118.1021995951
 20
139.7311038311
  0
VERTEX
  8
FILETAGES
 62
7
  6
CONTINUOUS
 10
118.1432391993
 20
139.8041375162
  0
VERTEX
  8
FILETAGES
 62
7
  6
CONTINUOUS
 10
118.1635675468
 20
139.840761353
  0
VERTEX
  8
FILETAGES
 62
7
  6
CONTINUOUS
 10
118.2038400943
 20
139.9142207838
  0
VERTEX
  8
FILETAGES
 62
7
  6
CONTINUOUS
 10
118.2521830142
 20
140.0040436012
  0
SEQEND
  0
POLYLINE
  8
FILETAGES
 62
7
  6
CONTINUOUS
 66
1
 70
0
  0
VERTEX
  8
FILETAGES
 62
7
  6
CONTINUOUS
 10
118.1021995951
 20
139.7013742424
  0
VERTEX
  8
FILETAGES
 62
7
  6
CONTINUOUS
 10
118.1432391993
 20
139.7744079274
  0
VERTEX
  8
FILETAGES
 62
7
  6
CONTINUOUS
 10
118.1635675468
 20
139.8110317642
  0
VERTEX
  8
FILETAGES
 62
7
  6
CONTINUOUS
 10
118.2038400943
 20
139.8844911951
  0
VERTEX
  8
FILETAGES
 62
7
  6
CONTINUOUS
 10
118.232424097
 20
139.9373798581
  0
SEQEND
  0
LINE
  8
FILETAGES
 62
7
  6
CONTINUOUS
 10
118.0606511148
 20
139.658358429
 11
118.1021995951
 21
139.7311038311
  0
LINE
  8
FILETAGES
 62
7
  6
CONTINUOUS
 10
118.0606511148
 20
139.6286288402
 11
118.1021995951
 21
139.7013742424
  0
POLYLINE
  8
FILETAGES
 62
7
  6
CONTINUOUS
 66
1
 70
0
  0
VERTEX
  8
FILETAGES
 62
7
  6
CONTINUOUS
 10
117.7148425389
 20
139.0943264889
  0
VERTEX
  8
FILETAGES
 62
7
  6
CONTINUOUS
 10
117.7603371697
 20
139.1646714991
  0
VERTEX
  8
FILETAGES
 62
7
  6
CONTINUOUS
 10
117.8276555279
 20
139.2707802325
  0
VERTEX
  8
FILETAGES
 62
7
  6
CONTINUOUS
 10
117.8719155182
 20
139.3419085056
  0
VERTEX
  8
FILETAGES
 62
7
  6
CONTINUOUS
 10
117.9373717381
 20
139.4491759248
  0
VERTEX
  8
FILETAGES
 62
7
  6
CONTINUOUS
 10
118.0017010678
 20
139.5571228937
  0
VERTEX
  8
FILETAGES
 62
7
  6
CONTINUOUS
 10
118.0606511065
 20
139.6583584145
  0
SEQEND
  0
LINE
  8
FILETAGES
 62
7
  6
CONTINUOUS
 10
117.6672893722
 20
139.0219309015
 11
117.7148425432
 21
139.0943264955
  0
POLYLINE
  8
FILETAGES
 62
7
  6
CONTINUOUS
 66
1
 70
0
  0
VERTEX
  8
FILETAGES
 62
7
  6
CONTINUOUS
 10
117.5973738644
 20
138.9175151027
  0
VERTEX
  8
FILETAGES
 62
7
  6
CONTINUOUS
 10
117.620800482
 20
138.9522389491
  0
VERTEX
  8
FILETAGES
 62
7
  6
CONTINUOUS
 10
117.6672893722
 20
139.0219309015
  0
SEQEND
  0
POLYLINE
  8
FILETAGES
 62
7
  6
CONTINUOUS
 66
1
 70
0
  0
VERTEX
  8
FILETAGES
 62
7
  6
CONTINUOUS
 10
117.4820736472
 20
138.7503195162
  0
VERTEX
  8
FILETAGES
 62
7
  6
CONTINUOUS
 10
117.5299755951
 20
138.8190479182
  0
VERTEX
  8
FILETAGES
 62
7
  6
CONTINUOUS
 10
117.553746344
 20
138.8535371048
  0
VERTEX
  8
FILETAGES
 62
7
  6
CONTINUOUS
 10
117.5973738676
 20
138.9175151073
  0
SEQEND
  0
LINE
  8
FILETAGES
 62
7
  6
CONTINUOUS
 10
117.4336930473
 20
138.6819271992
 11
117.4820736472
 21
138.7503195162
  0
LINE
  8
FILETAGES
 62
7
  6
CONTINUOUS
 10
117.378705711
 20
138.6054055761
 11
117.4336930473
 21
138.6819271992
  0
LINE
  8
FILETAGES
 62
7
  6
CONTINUOUS
 10
117.3293159303
 20
138.5377384162
 11
117.378705711
 21
138.6054055761
  0
POLYLINE
  8
FILETAGES
 62
7
  6
CONTINUOUS
 66
1
 70
0
  0
VERTEX
  8
FILETAGES
 62
7
  6
CONTINUOUS
 10
117.2076265116
 20
138.3751338556
  0
VERTEX
  8
FILETAGES
 62
7
  6
CONTINUOUS
 10
117.2581544626
 20
138.4419554475
  0
VERTEX
  8
FILETAGES
 62
7
  6
CONTINUOUS
 10
117.2832431892
 20
138.4754981155
  0
VERTEX
  8
FILETAGES
 62
7
  6
CONTINUOUS
 10
117.3293159336
 20
138.5377384207
  0
SEQEND
  0
POLYLINE
  8
FILETAGES
 62
7
  6
CONTINUOUS
 66
1
 70
0
  0
VERTEX
  8
FILETAGES
 62
7
  6
CONTINUOUS
 10
117.1309629687
 20
138.2458373375
  0
VERTEX
  8
FILETAGES
 62
7
  6
CONTINUOUS
 10
117.2832431892
 20
138.4457685268
  0
VERTEX
  8
FILETAGES
 62
7
  6
CONTINUOUS
 10
117.4555645977
 20
138.6829905443
  0
VERTEX
  8
FILETAGES
 62
7
  6
CONTINUOUS
 10
117.5986184199
 20
138.8896236821
  0
VERTEX
  8
FILETAGES
 62
7
  6
CONTINUOUS
 10
117.7600011457
 20
139.134418372
  0
VERTEX
  8
FILETAGES
 62
7
  6
CONTINUOUS
 10
117.9153547239
 20
139.38308285
  0
VERTEX
  8
FILETAGES
 62
7
  6
CONTINUOUS
 10
118.0606510971
 20
139.6286288094
  0
SEQEND
  0
LINE
  8
FILETAGES
 62
7
  6
CONTINUOUS
 10
117.1566332848
 20
138.3086666346
 11
117.2076265116
 21
138.3751338556
  0
LINE
  8
FILETAGES
 62
7
  6
CONTINUOUS
 10
117.1034235983
 20
138.240320646
 11
117.1566332848
 21
138.3086666346
  0
LINE
  8
FILETAGES
 62
7
  6
CONTINUOUS
 10
117.0775150302
 20
138.1776774984
 11
117.1309629735
 21
138.2458373437
  0
LINE
  8
FILETAGES
 62
7
  6
CONTINUOUS
 10
117.0514917281
 20
138.1745841651
 11
117.1034235983
 21
138.240320646
  0
LINE
  8
FILETAGES
 62
7
  6
CONTINUOUS
 10
116.9991021918
 20
138.1092118296
 11
117.0514917281
 21
138.1745841651
  0
POLYLINE
  8
FILETAGES
 62
7
  6
CONTINUOUS
 66
1
 70
0
  0
VERTEX
  8
FILETAGES
 62
7
  6
CONTINUOUS
 10
116.9991021918
 20
138.0794822409
  0
VERTEX
  8
FILETAGES
 62
7
  6
CONTINUOUS
 10
117.0253540091
 20
138.1121226909
  0
VERTEX
  8
FILETAGES
 62
7
  6
CONTINUOUS
 10
117.0775150302
 20
138.1776774984
  0
SEQEND
  0
POLYLINE
  8
FILETAGES
 62
7
  6
CONTINUOUS
 66
1
 70
0
  0
VERTEX
  8
FILETAGES
 62
7
  6
CONTINUOUS
 10
116.5695271839
 20
137.606038689
  0
VERTEX
  8
FILETAGES
 62
7
  6
CONTINUOUS
 10
116.6254400334
 20
137.6684243645
  0
VERTEX
  8
FILETAGES
 62
7
  6
CONTINUOUS
 10
116.7084892727
 20
137.7627309504
  0
VERTEX
  8
FILETAGES
 62
7
  6
CONTINUOUS
 10
116.763304807
 20
137.8260829207
  0
VERTEX
  8
FILETAGES
 62
7
  6
CONTINUOUS
 10
116.8446954915
 20
137.9218245267
  0
VERTEX
  8
FILETAGES
 62
7
  6
CONTINUOUS
 10
116.9250791102
 20
138.0184131738
  0
VERTEX
  8
FILETAGES
 62
7
  6
CONTINUOUS
 10
116.9991021813
 20
138.1092118167
  0
SEQEND
  0
POLYLINE
  8
FILETAGES
 62
7
  6
CONTINUOUS
 66
1
 70
0
  0
VERTEX
  8
FILETAGES
 62
7
  6
CONTINUOUS
 10
116.3866883945
 20
137.4079790199
  0
VERTEX
  8
FILETAGES
 62
7
  6
CONTINUOUS
 10
116.4439884302
 20
137.4690930994
  0
VERTEX
  8
FILETAGES
 62
7
  6
CONTINUOUS
 10
116.4724781003
 20
137.4997997748
  0
VERTEX
  8
FILETAGES
 62
7
  6
CONTINUOUS
 10
116.5291350095
 20
137.5615105263
  0
VERTEX
  8
FILETAGES
 62
7
  6
CONTINUOUS
 10
116.569527182
 20
137.6060386868
  0
SEQEND
  0
POLYLINE
  8
FILETAGES
 62
7
  6
CONTINUOUS
 66
1
 70
0
  0
VERTEX
  8
FILETAGES
 62
7
  6
CONTINUOUS
 10
116.3289630943
 20
137.3175368604
  0
VERTEX
  8
FILETAGES
 62
7
  6
CONTINUOUS
 10
116.4439884302
 20
137.4393635106
  0
VERTEX
  8
FILETAGES
 62
7
  6
CONTINUOUS
 10
116.5573015581
 20
137.5627842617
  0
VERTEX
  8
FILETAGES
 62
7
  6
CONTINUOUS
 10
116.6688803875
 20
137.6877750526
  0
VERTEX
  8
FILETAGES
 62
7
  6
CONTINUOUS
 10
116.7787031658
 20
137.8143115161
  0
VERTEX
  8
FILETAGES
 62
7
  6
CONTINUOUS
 10
116.8867484829
 20
137.9423689836
  0
VERTEX
  8
FILETAGES
 62
7
  6
CONTINUOUS
 10
116.9991021935
 20
138.079482243
  0
SEQEND
  0
LINE
  8
FILETAGES
 62
7
  6
CONTINUOUS
 10
116.3289630943
 20
137.3472664492
 11
116.3866883945
 21
137.4079790199
  0
LINE
  8
FILETAGES
 62
7
  6
CONTINUOUS
 10
116.272908455
 20
137.2593850635
 11
116.3289630933
 21
137.3175368595
  0
POLYLINE
  8
FILETAGES
 62
7
  6
CONTINUOUS
 66
1
 70
0
  0
VERTEX
  8
FILETAGES
 62
7
  6
CONTINUOUS
 10
116.4742770522
 20
136.7815504842
  0
VERTEX
  8
FILETAGES
 62
7
  6
CONTINUOUS
 10
116.8673289417
 20
137.1904529679
  0
VERTEX
  8
FILETAGES
 62
7
  6
CONTINUOUS
 10
117.2693961797
 20
137.650253514
  0
VERTEX
  8
FILETAGES
 62
7
  6
CONTINUOUS
 10
117.6222218877
 20
138.0943300705
  0
VERTEX
  8
FILETAGES
 62
7
  6
CONTINUOUS
 10
117.9792329182
 20
138.5899272063
  0
VERTEX
  8
FILETAGES
 62
7
  6
CONTINUOUS
 10
118.2887007388
 20
139.0652361806
  0
VERTEX
  8
FILETAGES
 62
7
  6
CONTINUOUS
 10
118.6036318832
 20
139.6033452539
  0
SEQEND
  0
POLYLINE
  8
FILETAGES
 62
7
  6
CONTINUOUS
 66
1
 70
0
  0
VERTEX
  8
FILETAGES
 62
7
  6
CONTINUOUS
 10
116.2032681044
 20
137.1882173834
  0
VERTEX
  8
FILETAGES
 62
7
  6
CONTINUOUS
 10
116.2326359202
 20
137.218085333
  0
VERTEX
  8
FILETAGES
 62
7
  6
CONTINUOUS
 10
116.2729084549
 20
137.2593850634
  0
SEQEND
  0
LINE
  8
FILETAGES
 62
7
  6
CONTINUOUS
 10
116.1422614045
 20
137.1268323062
 11
116.2032681057
 21
137.1882173847
  0
LINE
  8
FILETAGES
 62
7
  6
CONTINUOUS
 10
116.4125033875
 20
136.7205624117
 11
116.4742770523
 21
136.7815504843
  0
POLYLINE
  8
FILETAGES
 62
7
  6
CONTINUOUS
 66
1
 70
0
  0
VERTEX
  8
FILETAGES
 62
7
  6
CONTINUOUS
 10
116.0229017855
 20
137.009248813
  0
VERTEX
  8
FILETAGES
 62
7
  6
CONTINUOUS
 10
116.0827868214
 20
137.0678322406
  0
VERTEX
  8
FILETAGES
 62
7
  6
CONTINUOUS
 10
116.1422614045
 20
137.1268323062
  0
SEQEND
  0
LINE
  8
FILETAGES
 62
7
  6
CONTINUOUS
 10
116.3499783391
 20
136.6596863748
 11
116.4125033875
 21
136.7205624117
  0
POLYLINE
  8
FILETAGES
 62
7
  6
CONTINUOUS
 66
1
 70
0
  0
VERTEX
  8
FILETAGES
 62
7
  6
CONTINUOUS
 10
115.9626092157
 20
136.9808144674
  0
VERTEX
  8
FILETAGES
 62
7
  6
CONTINUOUS
 10
116.0229017855
 20
137.0389784018
  0
VERTEX
  8
FILETAGES
 62
7
  6
CONTINUOUS
 10
116.0827868214
 20
137.0975618294
  0
VERTEX
  8
FILETAGES
 62
7
  6
CONTINUOUS
 10
116.1422614045
 20
137.156561895
  0
VERTEX
  8
FILETAGES
 62
7
  6
CONTINUOUS
 10
116.2013226361
 20
137.215975723
  0
VERTEX
  8
FILETAGES
 62
7
  6
CONTINUOUS
 10
116.2599676377
 20
137.2758004177
  0
VERTEX
  8
FILETAGES
 62
7
  6
CONTINUOUS
 10
116.3289631061
 20
137.3472664616
  0
SEQEND
  0
LINE
  8
FILETAGES
 62
7
  6
CONTINUOUS
 10
115.9626092157
 20
136.9510848787
 11
116.0229017855
 21
137.009248813
  0
LINE
  8
FILETAGES
 62
7
  6
CONTINUOUS
 10
116.2870298154
 20
136.5992483174
 11
116.3499783391
 21
136.6596863748
  0
POLYLINE
  8
FILETAGES
 62
7
  6
CONTINUOUS
 66
1
 70
0
  0
VERTEX
  8
FILETAGES
 62
7
  6
CONTINUOUS
 10
114.7146951967
 20
135.9379508476
  0
VERTEX
  8
FILETAGES
 62
7
  6
CONTINUOUS
 10
114.9164615475
 20
136.0877931149
  0
VERTEX
  8
FILETAGES
 62
7
  6
CONTINUOUS
 10
115.1150455325
 20
136.2418279204
  0
VERTEX
  8
FILETAGES
 62
7
  6
CONTINUOUS
 10
115.342588563
 20
136.4267438563
  0
VERTEX
  8
FILETAGES
 62
7
  6
CONTINUOUS
 10
115.5339805171
 20
136.5896282974
  0
VERTEX
  8
FILETAGES
 62
7
  6
CONTINUOUS
 10
115.7529008202
 20
136.7846757246
  0
VERTEX
  8
FILETAGES
 62
7
  6
CONTINUOUS
 10
115.9626092649
 20
136.9808145146
  0
SEQEND
  0
POLYLINE
  8
FILETAGES
 62
7
  6
CONTINUOUS
 66
1
 70
0
  0
VERTEX
  8
FILETAGES
 62
7
  6
CONTINUOUS
 10
114.7146951967
 20
135.9082212588
  0
VERTEX
  8
FILETAGES
 62
7
  6
CONTINUOUS
 10
114.9164615475
 20
136.0580635262
  0
VERTEX
  8
FILETAGES
 62
7
  6
CONTINUOUS
 10
115.1150455325
 20
136.2120983316
  0
VERTEX
  8
FILETAGES
 62
7
  6
CONTINUOUS
 10
115.342588563
 20
136.3970142676
  0
VERTEX
  8
FILETAGES
 62
7
  6
CONTINUOUS
 10
115.5339805171
 20
136.5598987086
  0
VERTEX
  8
FILETAGES
 62
7
  6
CONTINUOUS
 10
115.7529008202
 20
136.7549461359
  0
VERTEX
  8
FILETAGES
 62
7
  6
CONTINUOUS
 10
115.9626092649
 20
136.9510849258
  0
SEQEND
  0
POLYLINE
  8
FILETAGES
 62
7
  6
CONTINUOUS
 66
1
 70
0
  0
VERTEX
  8
FILETAGES
 62
7
  6
CONTINUOUS
 10
115.0085878228
 20
135.5334495009
  0
VERTEX
  8
FILETAGES
 62
7
  6
CONTINUOUS
 10
115.2187611049
 20
135.6895351961
  0
VERTEX
  8
FILETAGES
 62
7
  6
CONTINUOUS
 10
115.4256194226
 20
135.8499881184
  0
VERTEX
  8
FILETAGES
 62
7
  6
CONTINUOUS
 10
115.6626434127
 20
136.0426088851
  0
VERTEX
  8
FILETAGES
 62
7
  6
CONTINUOUS
 10
115.8620100315
 20
136.2122801778
  0
VERTEX
  8
FILETAGES
 62
7
  6
CONTINUOUS
 10
116.0577795357
 20
136.3860894045
  0
VERTEX
  8
FILETAGES
 62
7
  6
CONTINUOUS
 10
116.2870297664
 20
136.5992482706
  0
SEQEND
  0
POLYLINE
  8
FILETAGES
 62
7
  6
CONTINUOUS
 66
1
 70
0
  0
VERTEX
  8
FILETAGES
 62
7
  6
CONTINUOUS
 10
114.6180398847
 20
135.8387281757
  0
VERTEX
  8
FILETAGES
 62
7
  6
CONTINUOUS
 10
114.6521280379
 20
135.8630709655
  0
VERTEX
  8
FILETAGES
 62
7
  6
CONTINUOUS
 10
114.7146951993
 20
135.9082212607
  0
SEQEND
  0
LINE
  8
0
 62
7
  6
CONTINUOUS
 10
119.1612721692
 20
132.116488763
 11
121.1612721692
 21
134.1164539208
  0
POLYLINE
  8
FILETAGES
 62
7
  6
CONTINUOUS
 66
1
 70
0
  0
VERTEX
  8
FILETAGES
 62
7
  6
CONTINUOUS
 10
113.6037966157
 20
134.6490687077
  0
VERTEX
  8
FILETAGES
 62
7
  6
CONTINUOUS
 10
113.8327993931
 20
134.7759291549
  0
VERTEX
  8
FILETAGES
 62
7
  6
CONTINUOUS
 10
114.0590951346
 20
134.9075575671
  0
VERTEX
  8
FILETAGES
 62
7
  6
CONTINUOUS
 10
114.3195530843
 20
135.0670730842
  0
VERTEX
  8
FILETAGES
 62
7
  6
CONTINUOUS
 10
114.5396447066
 20
135.2088312638
  0
VERTEX
  8
FILETAGES
 62
7
  6
CONTINUOUS
 10
114.7567192473
 20
135.3551675231
  0
VERTEX
  8
FILETAGES
 62
7
  6
CONTINUOUS
 10
115.0085877492
 20
135.5334494474
  0
SEQEND
  0
POLYLINE
  8
FILETAGES
 62
7
  6
CONTINUOUS
 66
1
 70
0
  0
VERTEX
  8
FILETAGES
 62
7
  6
CONTINUOUS
 10
113.3372287831
 20
135.0733976492
  0
VERTEX
  8
FILETAGES
 62
7
  6
CONTINUOUS
 10
113.5574033913
 20
135.1945825573
  0
VERTEX
  8
FILETAGES
 62
7
  6
CONTINUOUS
 10
113.7749917614
 20
135.3203517952
  0
VERTEX
  8
FILETAGES
 62
7
  6
CONTINUOUS
 10
114.0254488784
 20
135.4728029475
  0
VERTEX
  8
FILETAGES
 62
7
  6
CONTINUOUS
 10
114.2371078872
 20
135.6083129988
  0
VERTEX
  8
FILETAGES
 62
7
  6
CONTINUOUS
 10
114.4803914141
 20
135.7719684957
  0
VERTEX
  8
FILETAGES
 62
7
  6
CONTINUOUS
 10
114.7146952518
 20
135.9379508876
  0
SEQEND
  0
POLYLINE
  8
FILETAGES
 62
7
  6
CONTINUOUS
 66
1
 70
0
  0
VERTEX
  8
FILETAGES
 62
7
  6
CONTINUOUS
 10
112.9987149599
 20
134.8985359974
  0
VERTEX
  8
FILETAGES
 62
7
  6
CONTINUOUS
 10
113.0736169427
 20
134.9360593238
  0
VERTEX
  8
FILETAGES
 62
7
  6
CONTINUOUS
 10
113.1482551355
 20
134.9741046369
  0
VERTEX
  8
FILETAGES
 62
7
  6
CONTINUOUS
 10
113.1854741734
 20
134.9933224599
  0
VERTEX
  8
FILETAGES
 62
7
  6
CONTINUOUS
 10
113.2597098644
 20
135.0321472681
  0
VERTEX
  8
FILETAGES
 62
7
  6
CONTINUOUS
 10
113.3372288006
 20
135.0733976586
  0
SEQEND
  0
POLYLINE
  8
FILETAGES
 62
7
  6
CONTINUOUS
 66
1
 70
0
  0
VERTEX
  8
FILETAGES
 62
7
  6
CONTINUOUS
 10
112.8754965026
 20
134.8084908661
  0
VERTEX
  8
FILETAGES
 62
7
  6
CONTINUOUS
 10
113.1752393354
 20
134.9582917646
  0
VERTEX
  8
FILETAGES
 62
7
  6
CONTINUOUS
 10
113.4706825424
 20
135.1164034213
  0
VERTEX
  8
FILETAGES
 62
7
  6
CONTINUOUS
 10
113.7615957459
 20
135.2827025452
  0
VERTEX
  8
FILETAGES
 62
7
  6
CONTINUOUS
 10
114.0477521007
 20
135.4570594613
  0
VERTEX
  8
FILETAGES
 62
7
  6
CONTINUOUS
 10
114.3289284704
 20
135.6393382115
  0
VERTEX
  8
FILETAGES
 62
7
  6
CONTINUOUS
 10
114.6180399242
 20
135.8387282038
  0
SEQEND
  0
LINE
  8
FILETAGES
 62
7
  6
CONTINUOUS
 10
112.9131915349
 20
134.8564870172
 11
112.9987149599
 21
134.8985359974
  0
POLYLINE
  8
FILETAGES
 62
7
  6
CONTINUOUS
 66
1
 70
0
  0
VERTEX
  8
FILETAGES
 62
7
  6
CONTINUOUS
 10
112.9619909629
 20
134.3257424637
  0
VERTEX
  8
FILETAGES
 62
7
  6
CONTINUOUS
 10
113.0408927322
 20
134.3630233735
  0
VERTEX
  8
FILETAGES
 62
7
  6
CONTINUOUS
 10
113.1587525719
 20
134.4199752547
  0
VERTEX
  8
FILETAGES
 62
7
  6
CONTINUOUS
 10
113.276009551
 20
134.4781581942
  0
VERTEX
  8
FILETAGES
 62
7
  6
CONTINUOUS
 10
113.3538395952
 20
134.5176275964
  0
VERTEX
  8
FILETAGES
 62
7
  6
CONTINUOUS
 10
113.4700632652
 20
134.5778480546
  0
VERTEX
  8
FILETAGES
 62
7
  6
CONTINUOUS
 10
113.6037966195
 20
134.6490687097
  0
SEQEND
  0
POLYLINE
  8
FILETAGES
 62
7
  6
CONTINUOUS
 66
1
 70
0
  0
VERTEX
  8
FILETAGES
 62
7
  6
CONTINUOUS
 10
112.6314195923
 20
134.7238305883
  0
VERTEX
  8
FILETAGES
 62
7
  6
CONTINUOUS
 10
112.7075502114
 20
134.758794033
  0
VERTEX
  8
FILETAGES
 62
7
  6
CONTINUOUS
 10
112.7455235217
 20
134.7764748477
  0
VERTEX
  8
FILETAGES
 62
7
  6
CONTINUOUS
 10
112.8212838304
 20
134.8122335846
  0
VERTEX
  8
FILETAGES
 62
7
  6
CONTINUOUS
 10
112.9131915349
 20
134.8564870172
  0
SEQEND
  0
POLYLINE
  8
FILETAGES
 62
7
  6
CONTINUOUS
 66
1
 70
0
  0
VERTEX
  8
FILETAGES
 62
7
  6
CONTINUOUS
 10
112.6314195923
 20
134.6941009995
  0
VERTEX
  8
FILETAGES
 62
7
  6
CONTINUOUS
 10
112.7075502114
 20
134.7290644442
  0
VERTEX
  8
FILETAGES
 62
7
  6
CONTINUOUS
 10
112.7455235217
 20
134.7467452589
  0
VERTEX
  8
FILETAGES
 62
7
  6
CONTINUOUS
 10
112.8212838304
 20
134.7825039958
  0
VERTEX
  8
FILETAGES
 62
7
  6
CONTINUOUS
 10
112.8754965
 20
134.8084908648
  0
SEQEND
  0
LINE
  8
FILETAGES
 62
7
  6
CONTINUOUS
 10
112.5550467353
 20
134.6893994739
 11
112.6314195923
 21
134.7238305883
  0
LINE
  8
FILETAGES
 62
7
  6
CONTINUOUS
 10
112.5550467353
 20
134.6596698852
 11
112.6314195923
 21
134.6941009995
  0
POLYLINE
  8
FILETAGES
 62
7
  6
CONTINUOUS
 66
1
 70
0
  0
VERTEX
  8
FILETAGES
 62
7
  6
CONTINUOUS
 10
111.9437462038
 20
134.436345637
  0
VERTEX
  8
FILETAGES
 62
7
  6
CONTINUOUS
 10
112.0219006237
 20
134.4665153454
  0
VERTEX
  8
FILETAGES
 62
7
  6
CONTINUOUS
 10
112.1387325707
 20
134.5127910753
  0
VERTEX
  8
FILETAGES
 62
7
  6
CONTINUOUS
 10
112.2163485441
 20
134.5443201473
  0
VERTEX
  8
FILETAGES
 62
7
  6
CONTINUOUS
 10
112.3323550599
 20
134.5926277918
  0
VERTEX
  8
FILETAGES
 62
7
  6
CONTINUOUS
 10
112.4478493388
 20
134.6421475612
  0
VERTEX
  8
FILETAGES
 62
7
  6
CONTINUOUS
 10
112.55504672
 20
134.6893994671
  0
SEQEND
  0
POLYLINE
  8
FILETAGES
 62
7
  6
CONTINUOUS
 66
1
 70
0
  0
VERTEX
  8
FILETAGES
 62
7
  6
CONTINUOUS
 10
111.9437462038
 20
134.4066160482
  0
VERTEX
  8
FILETAGES
 62
7
  6
CONTINUOUS
 10
112.0219006237
 20
134.4367857566
  0
VERTEX
  8
FILETAGES
 62
7
  6
CONTINUOUS
 10
112.1387325707
 20
134.4830614865
  0
VERTEX
  8
FILETAGES
 62
7
  6
CONTINUOUS
 10
112.2163485441
 20
134.5145905586
  0
VERTEX
  8
FILETAGES
 62
7
  6
CONTINUOUS
 10
112.3323550599
 20
134.562898203
  0
VERTEX
  8
FILETAGES
 62
7
  6
CONTINUOUS
 10
112.4478493388
 20
134.6124179725
  0
VERTEX
  8
FILETAGES
 62
7
  6
CONTINUOUS
 10
112.55504672
 20
134.6596698784
  0
SEQEND
  0
LINE
  8
FILETAGES
 62
7
  6
CONTINUOUS
 10
111.8627210729
 20
134.4057269325
 11
111.9437462111
 21
134.4363456398
  0
LINE
  8
FILETAGES
 62
7
  6
CONTINUOUS
 10
111.8627210729
 20
134.3759973437
 11
111.9437462111
 21
134.406616051
  0
POLYLINE
  8
FILETAGES
 62
7
  6
CONTINUOUS
 66
1
 70
0
  0
VERTEX
  8
FILETAGES
 62
7
  6
CONTINUOUS
 10
111.7447830874
 20
134.3623473547
  0
VERTEX
  8
FILETAGES
 62
7
  6
CONTINUOUS
 10
111.7841461448
 20
134.3766699597
  0
VERTEX
  8
FILETAGES
 62
7
  6
CONTINUOUS
 10
111.8627210729
 20
134.4057269325
  0
SEQEND
  0
POLYLINE
  8
FILETAGES
 62
7
  6
CONTINUOUS
 66
1
 70
0
  0
VERTEX
  8
FILETAGES
 62
7
  6
CONTINUOUS
 10
111.7447830874
 20
134.3326177659
  0
VERTEX
  8
FILETAGES
 62
7
  6
CONTINUOUS
 10
111.7841461448
 20
134.3469403709
  0
VERTEX
  8
FILETAGES
 62
7
  6
CONTINUOUS
 10
111.8627210729
 20
134.3759973437
  0
SEQEND
  0
POLYLINE
  8
FILETAGES
 62
7
  6
CONTINUOUS
 66
1
 70
0
  0
VERTEX
  8
FILETAGES
 62
7
  6
CONTINUOUS
 10
111.553226415
 20
134.2948538531
  0
VERTEX
  8
FILETAGES
 62
7
  6
CONTINUOUS
 10
111.6323781601
 20
134.3223007375
  0
VERTEX
  8
FILETAGES
 62
7
  6
CONTINUOUS
 10
111.6718816936
 20
134.336231227
  0
VERTEX
  8
FILETAGES
 62
7
  6
CONTINUOUS
 10
111.7447830926
 20
134.3623473566
  0
SEQEND
  0
POLYLINE
  8
FILETAGES
 62
7
  6
CONTINUOUS
 66
1
 70
0
  0
VERTEX
  8
FILETAGES
 62
7
  6
CONTINUOUS
 10
111.553226415
 20
134.2651242644
  0
VERTEX
  8
FILETAGES
 62
7
  6
CONTINUOUS
 10
111.6323781601
 20
134.2925711487
  0
VERTEX
  8
FILETAGES
 62
7
  6
CONTINUOUS
 10
111.6718816936
 20
134.3065016382
  0
VERTEX
  8
FILETAGES
 62
7
  6
CONTINUOUS
 10
111.7447830926
 20
134.3326177678
  0
SEQEND
  0
LINE
  8
FILETAGES
 62
7
  6
CONTINUOUS
 10
111.4738849815
 20
134.2679602068
 11
111.553226415
 21
134.2948538531
  0
POLYLINE
  8
FILETAGES
 62
7
  6
CONTINUOUS
 66
1
 70
0
  0
VERTEX
  8
FILETAGES
 62
7
  6
CONTINUOUS
 10
111.4341443398
 20
134.2249916698
  0
VERTEX
  8
FILETAGES
 62
7
  6
CONTINUOUS
 10
111.4738849815
 20
134.238230618
  0
VERTEX
  8
FILETAGES
 62
7
  6
CONTINUOUS
 10
111.553226415
 20
134.2651242644
  0
SEQEND
  0
LINE
  8
FILETAGES
 62
7
  6
CONTINUOUS
 10
111.3844202153
 20
134.2383730872
 11
111.4738849815
 21
134.2679602068
  0
LINE
  8
FILETAGES
 62
7
  6
CONTINUOUS
 10
111.3046885816
 20
134.2126592765
 11
111.3844202153
 21
134.2383730872
  0
ENDSEC
  0
EOF
